symbol,year,month,monthly_return,market_index
0799.HK,2021,1,,0.09876742599625041
0799.HK,2021,2,0.1488095238095238,0.04585340211554232
0799.HK,2021,3,-0.13471502590673579,0.01700029021145369
0799.HK,2021,4,0.31137724550898216,0.03782302486828027
0799.HK,2021,5,-0.12328767123287679,-0.033434336099747275
0799.HK,2021,6,-0.10937499999999999,-0.004026761213798243
0799.HK,2021,7,-0.14035087719298242,-0.03046802006744616
0799.HK,2021,8,-0.15532879818594106,0.0057618538127902985
0799.HK,2021,9,-0.016107382550335586,0.015445379940335032
0799.HK,2021,10,-0.01227830832196451,0.029084296608942007
0799.HK,2021,11,0.02071823204419882,-0.062430806902308573
0799.HK,2021,12,-0.06224627875507442,-0.019526913877831963
0799.HK,2022,1,-0.30014430014430016,-0.05490953417447081
0799.HK,2022,2,-0.037113402061855615,0.002477971955938063
0799.HK,2022,3,-0.1991434689507494,0.10747826707852819
0799.HK,2022,4,-0.12566844919786102,-0.034263094657184516
0799.HK,2022,5,-0.03363914373088681,-0.04764053087087148
0799.HK,2022,6,0.07594936708860751,-0.036177007014385046
0799.HK,2022,7,-0.07352941176470588,0.021870798626214563
0799.HK,2022,8,0.07619047619047627,0.01291552123399961
0799.HK,2022,9,-0.28613569321533927,-0.06799997615624291
0799.HK,2022,10,-0.1570247933884297,-0.031081348555469745
0799.HK,2022,11,0.32843137254901955,0.05272418156620458
0799.HK,2022,12,0.07011070110701105,-0.036348710752189636
0799.HK,2023,1,0.013793103448275874,0.35257719336125903
0799.HK,2023,2,-0.023809523809523756,-0.048895843908380636
0799.HK,2023,3,0.07317073170731705,-0.007216349938952379
0799.HK,2023,4,1.1006493506493504,0.03398853396497515
0799.HK,2023,5,-0.36785162287480677,-0.06160968620156909
0799.HK,2023,6,-0.05134474327628361,0.004222473645935783
0799.HK,2023,7,0.01546391752577321,0.0066097958812061375
1792.HK,2021,1,,0.09876742599625041
1792.HK,2021,2,0.06756756756756763,0.04585340211554232
1792.HK,2021,3,-0.21518987341772153,0.01700029021145369
1792.HK,2021,4,0.08064516129032265,0.03782302486828027
1792.HK,2021,5,-0.1044776119402986,-0.033434336099747275
1792.HK,2021,6,-0.1666666666666666,-0.004026761213798243
1792.HK,2021,7,-0.24000000000000007,-0.03046802006744616
1792.HK,2021,8,0.18421052631578946,0.0057618538127902985
1792.HK,2021,9,1.866666666666667,0.015445379940335032
1792.HK,2021,10,-0.1007751937984496,0.029084296608942007
1792.HK,2021,11,-0.08620689655172421,-0.062430806902308573
1792.HK,2021,12,-0.1509433962264151,-0.019526913877831963
1792.HK,2022,1,-0.15555555555555556,-0.05490953417447081
1792.HK,2022,2,0.05263157894736847,0.002477971955938063
1792.HK,2022,3,-0.06250000000000006,0.10747826707852819
1792.HK,2022,4,-0.013333333333333346,-0.034263094657184516
1792.HK,2022,5,-0.25675675675675674,-0.04764053087087148
1792.HK,2022,6,0.05454545454545459,-0.036177007014385046
1792.HK,2022,7,-0.1206896551724139,0.021870798626214563
1792.HK,2022,8,-0.019607843137254784,0.01291552123399961
1792.HK,2022,9,-0.26000000000000006,-0.06799997615624291
1792.HK,2022,10,0.13513513513513525,-0.031081348555469745
1792.HK,2022,11,0.04761904761904749,0.05272418156620458
1792.HK,2022,12,0.11363636363636374,-0.036348710752189636
1792.HK,2023,1,0.0,0.35257719336125903
1792.HK,2023,2,0.0,-0.048895843908380636
1792.HK,2023,3,0.061224489795918276,-0.007216349938952379
1792.HK,2023,4,-0.15384615384615385,0.03398853396497515
1792.HK,2023,5,-0.09090909090909084,-0.06160968620156909
1792.HK,2023,6,-0.14999999999999997,0.004222473645935783
1792.HK,2023,7,-0.029411764705882377,0.0066097958812061375
2588.HK,2021,1,,0.09876742599625041
2588.HK,2021,2,0.18389897395422256,0.04585340211554232
2588.HK,2021,3,0.003999999999999962,0.01700029021145369
2588.HK,2021,4,-0.06905710491367865,0.03782302486828027
2588.HK,2021,5,-0.015691868758915754,-0.033434336099747275
2588.HK,2021,6,-0.050724637681159424,-0.004026761213798243
2588.HK,2021,7,-0.1290076335877863,-0.03046802006744616
2588.HK,2021,8,0.021910604732690624,0.0057618538127902985
2588.HK,2021,9,0.11835334476843921,0.015445379940335032
2588.HK,2021,10,0.04677914110429443,0.029084296608942007
2588.HK,2021,11,-0.19340659340659344,-0.062430806902308573
2588.HK,2021,12,0.03723887375113541,-0.019526913877831963
2588.HK,2022,1,0.14273204903677755,-0.05490953417447081
2588.HK,2022,2,0.038314176245210725,0.002477971955938063
2588.HK,2022,3,-0.08560885608856085,0.10747826707852819
2588.HK,2022,4,0.002421307506053246,-0.034263094657184516
2588.HK,2022,5,0.04347826086956515,-0.04764053087087148
2588.HK,2022,6,0.017746913580247003,-0.036177007014385046
2588.HK,2022,7,0.011372251705837756,0.021870798626214563
2588.HK,2022,8,-0.054722638680659755,0.01291552123399961
2588.HK,2022,9,-0.1157811260904044,-0.06799997615624291
2588.HK,2022,10,-0.0573991031390135,-0.031081348555469745
2588.HK,2022,11,0.1655566127497622,0.05272418156620458
2588.HK,2022,12,0.0636734693877552,-0.036348710752189636
2588.HK,2023,1,-0.0007674597083654853,0.35257719336125903
2588.HK,2023,2,-0.12903225806451601,-0.048895843908380636
2588.HK,2023,3,0.06966490299823626,-0.007216349938952379
2588.HK,2023,4,0.022258862324814534,0.03398853396497515
2588.HK,2023,5,-0.07177419354838714,-0.06160968620156909
2588.HK,2023,6,0.10078192875760217,0.004222473645935783
2588.HK,2023,7,0.024467245461720667,0.0066097958812061375
9CI.SI,2021,9,,0.015445379940335032
9CI.SI,2021,10,0.011764705882352951,0.029084296608942007
9CI.SI,2021,11,-0.023255813953488393,-0.062430806902308573
9CI.SI,2021,12,0.014880952380952462,-0.019526913877831963
9CI.SI,2022,1,0.011730205278592386,-0.05490953417447081
9CI.SI,2022,2,0.06956521739130428,0.002477971955938063
9CI.SI,2022,3,0.08130081300813015,0.10747826707852819
9CI.SI,2022,4,0.060150375939849676,-0.034263094657184516
9CI.SI,2022,5,-0.06619385342789603,-0.04764053087087148
9CI.SI,2022,6,-0.032911392405063376,-0.036177007014385046
9CI.SI,2022,7,0.026178010471204213,0.021870798626214563
9CI.SI,2022,8,-0.0586734693877551,0.01291552123399961
9CI.SI,2022,9,-0.059620596205961995,-0.06799997615624291
9CI.SI,2022,10,-0.13256484149855918,-0.031081348555469745
9CI.SI,2022,11,0.2192691029900333,0.05272418156620458
9CI.SI,2022,12,0.008174386920980995,-0.036348710752189636
9CI.SI,2023,1,0.0702702702702702,0.35257719336125903
9CI.SI,2023,2,-0.060606060606060545,-0.048895843908380636
9CI.SI,2023,3,-0.01075268817204302,-0.007216349938952379
9CI.SI,2023,4,0.010869565217391313,0.03398853396497515
9CI.SI,2023,5,-0.11021505376344089,-0.06160968620156909
9CI.SI,2023,6,0.0,0.004222473645935783
9CI.SI,2023,7,0.021148036253776387,0.0066097958812061375
A17U.SI,2021,1,,0.09876742599625041
A17U.SI,2021,2,-0.04545454545454549,0.04585340211554232
A17U.SI,2021,3,0.037414965986394516,0.01700029021145369
A17U.SI,2021,4,0.019672131147541003,0.03782302486828027
A17U.SI,2021,5,-0.057877813504823065,-0.033434336099747275
A17U.SI,2021,6,0.006825938566552906,-0.004026761213798243
A17U.SI,2021,7,0.05762711864406777,-0.03046802006744616
A17U.SI,2021,8,-0.025641025641025664,0.0057618538127902985
A17U.SI,2021,9,-0.013157894736842117,0.015445379940335032
A17U.SI,2021,10,0.029999999999999954,0.029084296608942007
A17U.SI,2021,11,-0.05501618122977344,-0.062430806902308573
A17U.SI,2021,12,0.010273972602739812,-0.019526913877831963
A17U.SI,2022,1,-0.06440677966101707,-0.05490953417447081
A17U.SI,2022,2,0.003623188405797185,0.002477971955938063
A17U.SI,2022,3,0.05776173285198561,0.10747826707852819
A17U.SI,2022,4,-0.02389078498293525,-0.034263094657184516
A17U.SI,2022,5,-0.02447552447552442,-0.04764053087087148
A17U.SI,2022,6,0.02150537634408604,-0.036177007014385046
A17U.SI,2022,7,0.04210526315789477,0.021870798626214563
A17U.SI,2022,8,-0.05050505050505062,0.01291552123399961
A17U.SI,2022,9,-0.046099290780141806,-0.06799997615624291
A17U.SI,2022,10,-0.026022304832713696,-0.031081348555469745
A17U.SI,2022,11,0.06488549618320608,0.05272418156620458
A17U.SI,2022,12,-0.017921146953404955,-0.036348710752189636
A17U.SI,2023,1,0.05109489051094879,0.35257719336125903
A17U.SI,2023,2,-0.038194444444444406,-0.048895843908380636
A17U.SI,2023,3,0.032490974729241826,-0.007216349938952379
A17U.SI,2023,4,0.0,0.03398853396497515
A17U.SI,2023,5,-0.05594405594405584,-0.06160968620156909
A17U.SI,2023,6,0.007407407407407414,0.004222473645935783
A17U.SI,2023,7,0.04779411764705878,0.0066097958812061375
AP4.SI,2021,1,,0.09876742599625041
AP4.SI,2021,2,-0.09333333333333327,0.04585340211554232
AP4.SI,2021,3,-0.09558823529411772,0.01700029021145369
AP4.SI,2021,4,0.17886178861788615,0.03782302486828027
AP4.SI,2021,5,0.006896551724137937,-0.033434336099747275
AP4.SI,2021,6,-0.15753424657534246,-0.004026761213798243
AP4.SI,2021,7,-0.016260162601626032,-0.03046802006744616
AP4.SI,2021,8,0.04132231404958681,0.0057618538127902985
AP4.SI,2021,9,-0.29365079365079366,0.015445379940335032
AP4.SI,2021,10,-0.03370786516853935,0.029084296608942007
AP4.SI,2021,11,-0.18023255813953493,-0.062430806902308573
AP4.SI,2021,12,-0.0070921985815602905,-0.019526913877831963
AP4.SI,2022,1,0.00714285714285715,-0.05490953417447081
AP4.SI,2022,2,0.10638297872340435,0.002477971955938063
AP4.SI,2022,3,0.26923076923076916,0.10747826707852819
AP4.SI,2022,4,-0.025252525252525276,-0.034263094657184516
AP4.SI,2022,5,-0.23834196891191708,-0.04764053087087148
AP4.SI,2022,6,0.00680272108843538,-0.036177007014385046
AP4.SI,2022,7,0.054054054054054106,0.021870798626214563
AP4.SI,2022,8,-0.07692307692307698,0.01291552123399961
AP4.SI,2022,9,-0.20138888888888892,-0.06799997615624291
AP4.SI,2022,10,-0.06086956521739117,-0.031081348555469745
AP4.SI,2022,11,0.1666666666666666,0.05272418156620458
AP4.SI,2022,12,-0.02380952380952383,-0.036348710752189636
AP4.SI,2023,1,0.04878048780487809,0.35257719336125903
AP4.SI,2023,2,-0.054263565891472916,-0.048895843908380636
AP4.SI,2023,3,-0.016393442622950834,-0.007216349938952379
AP4.SI,2023,4,0.008333333333333342,0.03398853396497515
AP4.SI,2023,5,0.008264462809917363,-0.06160968620156909
AP4.SI,2023,6,0.016393442622950834,0.004222473645935783
AP4.SI,2023,7,0.008064516129032265,0.0066097958812061375
ASLN,2020,12,,
ASLN,2021,1,0.21311475409836056,0.09876742599625041
ASLN,2021,2,0.9954954954954954,0.04585340211554232
ASLN,2021,3,-0.24379232505643336,0.01700029021145369
ASLN,2021,4,-0.035820895522388145,0.03782302486828027
ASLN,2021,5,-0.08049535603715165,-0.033434336099747275
ASLN,2021,6,0.11111111111111113,-0.004026761213798243
ASLN,2021,7,-0.16060606060606064,-0.03046802006744616
ASLN,2021,8,-0.036101083032490974,0.0057618538127902985
ASLN,2021,9,-0.3333333333333333,0.015445379940335032
ASLN,2021,10,-0.056179775280898875,0.029084296608942007
ASLN,2021,11,-0.14285714285714288,-0.062430806902308573
ASLN,2021,12,-0.2222222222222223,-0.019526913877831963
ASLN,2022,1,-0.14732142857142846,-0.05490953417447081
ASLN,2022,2,-0.09947643979057602,0.002477971955938063
ASLN,2022,3,0.046511627906976785,0.10747826707852819
ASLN,2022,4,-0.2488888888888889,-0.034263094657184516
ASLN,2022,5,-0.40236686390532544,-0.04764053087087148
ASLN,2022,6,0.22524752475247528,-0.036177007014385046
ASLN,2022,7,-0.0646464646464647,0.021870798626214563
ASLN,2022,8,0.33909287257019444,0.01291552123399961
ASLN,2022,9,-0.03387096774193548,-0.06799997615624291
ASLN,2022,10,-0.325542570951586,-0.031081348555469745
ASLN,2022,11,0.3613861386138614,0.05272418156620458
ASLN,2022,12,-0.34545454545454546,-0.036348710752189636
ASLN,2023,1,0.911111111111111,0.35257719336125903
ASLN,2023,2,0.09738372093023255,-0.048895843908380636
ASLN,2023,3,-0.2370860927152318,-0.007216349938952379
ASLN,2023,4,0.4409722222222224,0.03398853396497515
ASLN,2023,5,-0.036144578313253094,-0.06160968620156909
ASLN,2023,6,-0.08750000000000002,0.004222473645935783
ASLN,2023,7,-0.3397260273972602,0.0066097958812061375
BN4.SI,2021,1,,0.09876742599625041
BN4.SI,2021,2,0.01397205588822361,0.04585340211554232
BN4.SI,2021,3,0.04724409448818902,0.01700029021145369
BN4.SI,2021,4,0.01879699248120294,0.03782302486828027
BN4.SI,2021,5,-0.01660516605166049,-0.033434336099747275
BN4.SI,2021,6,0.02626641651031889,-0.004026761213798243
BN4.SI,2021,7,0.0036563071297989877,-0.03046802006744616
BN4.SI,2021,8,-0.05282331511839709,0.0057618538127902985
BN4.SI,2021,9,0.003846153846153764,0.015445379940335032
BN4.SI,2021,10,0.030651340996168612,0.029084296608942007
BN4.SI,2021,11,-0.05204460966542756,-0.062430806902308573
BN4.SI,2021,12,0.003921568627451071,-0.019526913877831963
BN4.SI,2022,1,0.10351562500000004,-0.05490953417447081
BN4.SI,2022,2,0.06017699115044245,0.002477971955938063
BN4.SI,2022,3,0.07178631051752916,0.10747826707852819
BN4.SI,2022,4,0.07009345794392526,-0.034263094657184516
BN4.SI,2022,5,0.0029112081513827616,-0.04764053087087148
BN4.SI,2022,6,-0.05805515239477496,-0.036177007014385046
BN4.SI,2022,7,0.06009244992295835,0.021870798626214563
BN4.SI,2022,8,0.05668604651162786,0.01291552123399961
BN4.SI,2022,9,-0.0440165061898211,-0.06799997615624291
BN4.SI,2022,10,0.002877697841726557,-0.031081348555469745
BN4.SI,2022,11,0.08177905308464854,0.05272418156620458
BN4.SI,2022,12,-0.03713527851458889,-0.036348710752189636
BN4.SI,2023,1,0.039944903581267226,0.35257719336125903
BN4.SI,2023,2,-0.2741721854304635,-0.048895843908380636
BN4.SI,2023,3,0.02737226277372253,-0.007216349938952379
BN4.SI,2023,4,0.09591474245115454,0.03398853396497515
BN4.SI,2023,5,0.022690437601296545,-0.06160968620156909
BN4.SI,2023,6,0.06339144215530909,0.004222473645935783
BN4.SI,2023,7,0.07302533532041731,0.0066097958812061375
BUOU.SI,2021,1,,0.09876742599625041
BUOU.SI,2021,2,-0.041666666666666706,0.04585340211554232
BUOU.SI,2021,3,0.05072463768115947,0.01700029021145369
BUOU.SI,2021,4,0.013793103448275874,0.03782302486828027
BUOU.SI,2021,5,-0.02721088435374152,-0.033434336099747275
BUOU.SI,2021,6,0.006993006993007,-0.004026761213798243
BUOU.SI,2021,7,0.05555555555555561,-0.03046802006744616
BUOU.SI,2021,8,-0.013157894736842117,0.0057618538127902985
BUOU.SI,2021,9,0.013333333333333345,0.015445379940335032
BUOU.SI,2021,10,0.0,0.029084296608942007
BUOU.SI,2021,11,-0.03289473684210529,-0.062430806902308573
BUOU.SI,2021,12,0.0340136054421769,-0.019526913877831963
BUOU.SI,2022,1,-0.09868421052631574,-0.05490953417447081
BUOU.SI,2022,2,0.021897810218977957,0.002477971955938063
BUOU.SI,2022,3,0.0428571428571429,0.10747826707852819
BUOU.SI,2022,4,-0.006849315068493157,-0.034263094657184516
BUOU.SI,2022,5,-0.06206896551724128,-0.04764053087087148
BUOU.SI,2022,6,-0.022058823529411783,-0.036177007014385046
BUOU.SI,2022,7,0.08270676691729313,0.021870798626214563
BUOU.SI,2022,8,-0.055555555555555455,0.01291552123399961
BUOU.SI,2022,9,-0.09558823529411772,-0.06799997615624291
BUOU.SI,2022,10,-0.10569105691056901,-0.031081348555469745
BUOU.SI,2022,11,0.03636363636363619,0.05272418156620458
BUOU.SI,2022,12,0.017543859649122823,-0.036348710752189636
BUOU.SI,2023,1,0.08620689655172423,0.35257719336125903
BUOU.SI,2023,2,0.007936507936507943,-0.048895843908380636
BUOU.SI,2023,3,0.03149606299212601,-0.007216349938952379
BUOU.SI,2023,4,0.030534351145038195,0.03398853396497515
BUOU.SI,2023,5,-0.08148148148148154,-0.06160968620156909
BUOU.SI,2023,6,0.008064516129032265,0.004222473645935783
BUOU.SI,2023,7,0.008000000000000007,0.0066097958812061375
C07.SI,2021,1,,0.09876742599625041
C07.SI,2021,2,-0.024118738404452673,0.04585340211554232
C07.SI,2021,3,0.06986692015209137,0.01700029021145369
C07.SI,2021,4,0.029764549089293563,0.03782302486828027
C07.SI,2021,5,-0.05047454702329587,-0.033434336099747275
C07.SI,2021,6,-0.0295320308950478,-0.004026761213798243
C07.SI,2021,7,-0.04026217228464417,-0.03046802006744616
C07.SI,2021,8,-0.052195121951219524,0.0057618538127902985
C07.SI,2021,9,-0.0025733401955738916,0.015445379940335032
C07.SI,2021,10,0.16099071207430346,0.029084296608942007
C07.SI,2021,11,-0.05866666666666668,-0.062430806902308573
C07.SI,2021,12,-0.027384324834749684,-0.019526913877831963
C07.SI,2022,1,-0.015048543689320498,-0.05490953417447081
C07.SI,2022,2,0.07639231148348945,0.002477971955938063
C07.SI,2022,3,0.14606227106227113,0.10747826707852819
C07.SI,2022,4,0.15860966839792245,-0.034263094657184516
C07.SI,2022,5,0.01034482758620692,-0.04764053087087148
C07.SI,2022,6,-0.034470989761092204,-0.036177007014385046
C07.SI,2022,7,-0.01025097207493811,0.021870798626214563
C07.SI,2022,8,0.17357142857142854,0.01291552123399961
C07.SI,2022,9,0.02830188679245282,-0.06799997615624291
C07.SI,2022,10,-0.11985794613791065,-0.031081348555469745
C07.SI,2022,11,0.015803631472764035,0.05272418156620458
C07.SI,2022,12,-0.05329361138695794,-0.036348710752189636
C07.SI,2023,1,0.015384615384615304,0.35257719336125903
C07.SI,2023,2,0.023071625344352677,-0.048895843908380636
C07.SI,2023,3,0.05284416021541569,-0.007216349938952379
C07.SI,2023,4,0.0831202046035806,0.03398853396497515
C07.SI,2023,5,-0.04574970484061405,-0.06160968620156909
C07.SI,2023,6,0.07639962882771417,0.004222473645935783
C07.SI,2023,7,-0.024425287356321677,0.0066097958812061375
C09.SI,2021,1,,0.09876742599625041
C09.SI,2021,2,0.019390581717451602,0.04585340211554232
C09.SI,2021,3,0.08423913043478262,0.01700029021145369
C09.SI,2021,4,-0.011278195488721898,0.03782302486828027
C09.SI,2021,5,-0.02788339670468945,-0.033434336099747275
C09.SI,2021,6,-0.049543676662320714,-0.004026761213798243
C09.SI,2021,7,-0.060356652949245596,-0.03046802006744616
C09.SI,2021,8,-0.001459854014598509,0.0057618538127902985
C09.SI,2021,9,0.010233918128655012,0.015445379940335032
C09.SI,2021,10,0.05933429811866862,0.029084296608942007
C09.SI,2021,11,-0.04098360655737714,-0.062430806902308573
C09.SI,2021,12,-0.029914529914529912,-0.019526913877831963
C09.SI,2022,1,0.03524229074889871,-0.05490953417447081
C09.SI,2022,2,0.009929078014184438,0.002477971955938063
C09.SI,2022,3,0.10533707865168539,0.10747826707852819
C09.SI,2022,4,0.05806861499364674,-0.034263094657184516
C09.SI,2022,5,-0.008046115047436072,-0.04764053087087148
C09.SI,2022,6,-0.013317191283292909,-0.036177007014385046
C09.SI,2022,7,-0.04907975460122704,0.021870798626214563
C09.SI,2022,8,0.04903225806451623,0.01291552123399961
C09.SI,2022,9,-0.0651906519065192,-0.06799997615624291
C09.SI,2022,10,0.003947368421052665,-0.031081348555469745
C09.SI,2022,11,0.08650065530799467,0.05272418156620458
C09.SI,2022,12,-0.007237635705669328,-0.036348710752189636
C09.SI,2023,1,0.008505467800729074,0.35257719336125903
C09.SI,2023,2,-0.07108433734939767,-0.048895843908380636
C09.SI,2023,3,-0.04409857328145264,-0.007216349938952379
C09.SI,2023,4,-0.056987788331071904,0.03398853396497515
C09.SI,2023,5,-0.028776978417266213,-0.06160968620156909
C09.SI,2023,6,-0.004444444444444481,0.004222473645935783
C09.SI,2023,7,0.08630952380952382,0.0066097958812061375
C38U.SI,2021,1,,0.09876742599625041
C38U.SI,2021,2,-0.018691588785046745,0.04585340211554232
C38U.SI,2021,3,0.03333333333333326,0.01700029021145369
C38U.SI,2021,4,-0.00921658986175116,0.03782302486828027
C38U.SI,2021,5,-0.027906976744186074,-0.033434336099747275
C38U.SI,2021,6,0.0,-0.004026761213798243
C38U.SI,2021,7,0.028708133971291894,-0.03046802006744616
C38U.SI,2021,8,-0.04186046511627901,0.0057618538127902985
C38U.SI,2021,9,-0.014563106796116625,0.015445379940335032
C38U.SI,2021,10,0.0591133004926109,0.029084296608942007
C38U.SI,2021,11,-0.018604651162790715,-0.062430806902308573
C38U.SI,2021,12,-0.03317535545023689,-0.019526913877831963
C38U.SI,2022,1,-0.049019607843137296,-0.05490953417447081
C38U.SI,2022,2,0.08762886597938141,0.002477971955938063
C38U.SI,2022,3,0.066350710900474,0.10747826707852819
C38U.SI,2022,4,0.03555555555555559,-0.034263094657184516
C38U.SI,2022,5,-0.06008583690987129,-0.04764053087087148
C38U.SI,2022,6,-0.009132420091324209,-0.036177007014385046
C38U.SI,2022,7,0.004608294930875683,0.021870798626214563
C38U.SI,2022,8,-0.05045871559633042,0.01291552123399961
C38U.SI,2022,9,-0.07246376811594199,-0.06799997615624291
C38U.SI,2022,10,-0.020833333333333353,-0.031081348555469745
C38U.SI,2022,11,0.10106382978723402,0.05272418156620458
C38U.SI,2022,12,-0.014492753623188312,-0.036348710752189636
C38U.SI,2023,1,0.049019607843137296,0.35257719336125903
C38U.SI,2023,2,-0.09345794392523372,-0.048895843908380636
C38U.SI,2023,3,0.020618556701030948,-0.007216349938952379
C38U.SI,2023,4,0.025252525252525162,0.03398853396497515
C38U.SI,2023,5,-0.014778325123152615,-0.06160968620156909
C38U.SI,2023,6,-0.04500000000000004,0.004222473645935783
C38U.SI,2023,7,0.07329842931937168,0.0066097958812061375
C52.SI,2021,1,,0.09876742599625041
C52.SI,2021,2,0.018987341772151913,0.04585340211554232
C52.SI,2021,3,0.06211180124223594,0.01700029021145369
C52.SI,2021,4,0.005847953216374275,0.03782302486828027
C52.SI,2021,5,-0.011627906976744196,-0.033434336099747275
C52.SI,2021,6,-0.03529411764705886,-0.004026761213798243
C52.SI,2021,7,-0.0426829268292682,-0.03046802006744616
C52.SI,2021,8,0.03184713375796181,0.0057618538127902985
C52.SI,2021,9,-0.06790123456790129,0.015445379940335032
C52.SI,2021,10,0.033112582781456984,0.029084296608942007
C52.SI,2021,11,-0.12179487179487175,-0.062430806902308573
C52.SI,2021,12,0.021897810218977957,-0.019526913877831963
C52.SI,2022,1,-0.02857142857142844,-0.05490953417447081
C52.SI,2022,2,0.03676470588235281,0.002477971955938063
C52.SI,2022,3,0.056737588652482324,0.10747826707852819
C52.SI,2022,4,-0.01342281879194632,-0.034263094657184516
C52.SI,2022,5,-0.02040816326530614,-0.04764053087087148
C52.SI,2022,6,-0.027777777777777804,-0.036177007014385046
C52.SI,2022,7,0.0142857142857143,0.021870798626214563
C52.SI,2022,8,-0.007042253521126767,0.01291552123399961
C52.SI,2022,9,-0.06382978723404245,-0.06799997615624291
C52.SI,2022,10,-0.03787878787878791,-0.031081348555469745
C52.SI,2022,11,-0.03149606299212601,0.05272418156620458
C52.SI,2022,12,0.0,-0.036348710752189636
C52.SI,2023,1,-0.024390243902439046,0.35257719336125903
C52.SI,2023,2,0.008333333333333342,-0.048895843908380636
C52.SI,2023,3,-0.024793388429752088,-0.007216349938952379
C52.SI,2023,4,0.00847457627118645,0.03398853396497515
C52.SI,2023,5,-0.07563025210084022,-0.06160968620156909
C52.SI,2023,6,0.05454545454545439,0.004222473645935783
C52.SI,2023,7,0.06896551724137938,0.0066097958812061375
C6L.SI,2021,1,,0.09876742599625041
C6L.SI,2021,2,0.21167883211678834,0.04585340211554232
C6L.SI,2021,3,0.11445783132530107,0.01700029021145369
C6L.SI,2021,4,-0.08828828828828833,0.03782302486828027
C6L.SI,2021,5,-0.015810276679841737,-0.033434336099747275
C6L.SI,2021,6,-0.026104417670682886,-0.004026761213798243
C6L.SI,2021,7,0.051546391752577324,-0.03046802006744616
C6L.SI,2021,8,-0.007843137254901968,0.0057618538127902985
C6L.SI,2021,9,-0.005928853754940585,0.015445379940335032
C6L.SI,2021,10,0.03379721669980118,0.029084296608942007
C6L.SI,2021,11,-0.06346153846153847,-0.062430806902308573
C6L.SI,2021,12,0.024640657084188933,-0.019526913877831963
C6L.SI,2022,1,0.0020040080160320215,-0.05490953417447081
C6L.SI,2022,2,0.01799999999999997,0.002477971955938063
C6L.SI,2022,3,0.08055009823182714,0.10747826707852819
C6L.SI,2022,4,0.0,-0.034263094657184516
C6L.SI,2022,5,0.007272727272727279,-0.04764053087087148
C6L.SI,2022,6,-0.07942238267148022,-0.036177007014385046
C6L.SI,2022,7,0.06862745098039226,0.021870798626214563
C6L.SI,2022,8,-0.023853211009174292,0.01291552123399961
C6L.SI,2022,9,-0.04135338345864673,-0.06799997615624291
C6L.SI,2022,10,0.03137254901960787,-0.031081348555469745
C6L.SI,2022,11,0.045627376425855556,0.05272418156620458
C6L.SI,2022,12,0.0054545454545455,-0.036348710752189636
C6L.SI,2023,1,0.07052441229656413,0.35257719336125903
C6L.SI,2023,2,-0.038851351351351274,-0.048895843908380636
C6L.SI,2023,3,0.0070298769771529055,-0.007216349938952379
C6L.SI,2023,4,0.020942408376963213,0.03398853396497515
C6L.SI,2023,5,0.09572649572649582,-0.06160968620156909
C6L.SI,2023,6,0.11544461778471142,0.004222473645935783
C6L.SI,2023,7,0.0601398601398601,0.0066097958812061375
CJLU.SI,2021,1,,0.09876742599625041
CJLU.SI,2021,2,-0.005235602094240842,0.04585340211554232
CJLU.SI,2021,3,-0.005263157894736847,0.01700029021145369
CJLU.SI,2021,4,0.02645502645502648,0.03782302486828027
CJLU.SI,2021,5,-0.005154639175257737,-0.033434336099747275
CJLU.SI,2021,6,-0.015544041450777216,-0.004026761213798243
CJLU.SI,2021,7,0.026315789473684237,-0.03046802006744616
CJLU.SI,2021,8,-0.0051282051282051325,0.0057618538127902985
CJLU.SI,2021,9,0.025773195876288683,0.015445379940335032
CJLU.SI,2021,10,0.02512562814070354,0.029084296608942007
CJLU.SI,2021,11,-0.00980392156862746,-0.062430806902308573
CJLU.SI,2021,12,-0.00990099009900991,-0.019526913877831963
CJLU.SI,2022,1,-0.030000000000000027,-0.05490953417447081
CJLU.SI,2022,2,-0.01546391752577321,0.002477971955938063
CJLU.SI,2022,3,0.02094240837696337,0.10747826707852819
CJLU.SI,2022,4,0.025641025641025664,-0.034263094657184516
CJLU.SI,2022,5,-0.030000000000000027,-0.04764053087087148
CJLU.SI,2022,6,0.0,-0.036177007014385046
CJLU.SI,2022,7,-0.010309278350515474,0.021870798626214563
CJLU.SI,2022,8,-0.026041666666666574,0.01291552123399961
CJLU.SI,2022,9,-0.03208556149732623,-0.06799997615624291
CJLU.SI,2022,10,-0.05524861878453043,-0.031081348555469745
CJLU.SI,2022,11,0.005847953216374275,0.05272418156620458
CJLU.SI,2022,12,-0.03488372093023259,-0.036348710752189636
CJLU.SI,2023,1,0.05421686746987957,0.35257719336125903
CJLU.SI,2023,2,-0.011428571428571439,-0.048895843908380636
CJLU.SI,2023,3,-0.0057803468208092535,-0.007216349938952379
CJLU.SI,2023,4,0.017441860465116296,0.03398853396497515
CJLU.SI,2023,5,-0.011428571428571439,-0.06160968620156909
CJLU.SI,2023,6,-0.011560693641618507,0.004222473645935783
CJLU.SI,2023,7,0.005847953216374275,0.0066097958812061375
D05.SI,2021,1,,0.09876742599625041
D05.SI,2021,2,0.057982525814138236,0.04585340211554232
D05.SI,2021,3,0.08070570570570565,0.01700029021145369
D05.SI,2021,4,0.03890239666550889,0.03782302486828027
D05.SI,2021,5,0.004012036108325008,-0.033434336099747275
D05.SI,2021,6,-0.007326007326007406,-0.004026761213798243
D05.SI,2021,7,0.020127474002012796,-0.03046802006744616
D05.SI,2021,8,-0.014468924695823783,0.0057618538127902985
D05.SI,2021,9,0.011678345011678392,0.015445379940335032
D05.SI,2021,10,0.039907651715039606,0.029084296608942007
D05.SI,2021,11,-0.052648271487472253,-0.062430806902308573
D05.SI,2021,12,0.0934047539337126,-0.019526913877831963
D05.SI,2022,1,0.07777097366809572,-0.05490953417447081
D05.SI,2022,2,-0.03920454545454553,0.002477971955938063
D05.SI,2022,3,0.05943228858663507,0.10747826707852819
D05.SI,2022,4,-0.05330728439854861,-0.034263094657184516
D05.SI,2022,5,-0.08785377358490566,-0.04764053087087148
D05.SI,2022,6,-0.04072398190045254,-0.036177007014385046
D05.SI,2022,7,0.06030997304582207,0.021870798626214563
D05.SI,2022,8,0.035907213218938756,0.01291552123399961
D05.SI,2022,9,0.0242331288343558,-0.06799997615624291
D05.SI,2022,10,0.02425876010781678,-0.031081348555469745
D05.SI,2022,11,0.02894736842105248,0.05272418156620458
D05.SI,2022,12,-0.036089798238135726,-0.036348710752189636
D05.SI,2023,1,0.055129716981132,0.35257719336125903
D05.SI,2023,2,-0.04526404023470236,-0.048895843908380636
D05.SI,2023,3,-0.0342405618964004,-0.007216349938952379
D05.SI,2023,4,-0.005454545454545446,0.03398853396497515
D05.SI,2023,5,-0.07678244972577696,-0.06160968620156909
D05.SI,2023,6,0.03993399339933996,0.004222473645935783
D05.SI,2023,7,0.08727388130752131,0.0066097958812061375
E5H.SI,2021,1,,0.09876742599625041
E5H.SI,2021,2,0.06077348066298348,0.04585340211554232
E5H.SI,2021,3,0.09374999999999993,0.01700029021145369
E5H.SI,2021,4,0.19047619047619052,0.03782302486828027
E5H.SI,2021,5,-0.07999999999999996,-0.033434336099747275
E5H.SI,2021,6,0.0,-0.004026761213798243
E5H.SI,2021,7,0.0,-0.03046802006744616
E5H.SI,2021,8,0.0,0.0057618538127902985
E5H.SI,2021,9,0.021739130434782507,0.015445379940335032
E5H.SI,2021,10,0.12765957446808524,0.029084296608942007
E5H.SI,2021,11,-0.018867924528301903,-0.062430806902308573
E5H.SI,2021,12,-0.057692307692307744,-0.019526913877831963
E5H.SI,2022,1,0.0,-0.05490953417447081
E5H.SI,2022,2,0.1632653061224489,0.002477971955938063
E5H.SI,2022,3,0.0701754385964913,0.10747826707852819
E5H.SI,2022,4,0.06557377049180334,-0.034263094657184516
E5H.SI,2022,5,-0.12307692307692318,-0.04764053087087148
E5H.SI,2022,6,-0.12280701754385957,-0.036177007014385046
E5H.SI,2022,7,0.040000000000000036,0.021870798626214563
E5H.SI,2022,8,0.07692307692307698,0.01291552123399961
E5H.SI,2022,9,-0.05357142857142862,-0.06799997615624291
E5H.SI,2022,10,0.0943396226415093,-0.031081348555469745
E5H.SI,2022,11,0.0,0.05272418156620458
E5H.SI,2022,12,-0.13793103448275856,-0.036348710752189636
E5H.SI,2023,1,0.0,0.35257719336125903
E5H.SI,2023,2,0.020000000000000018,-0.048895843908380636
E5H.SI,2023,3,0.1176470588235293,-0.007216349938952379
E5H.SI,2023,4,-0.03508771929824545,0.03398853396497515
E5H.SI,2023,5,-0.03636363636363639,-0.06160968620156909
E5H.SI,2023,6,-0.07547169811320761,0.004222473645935783
E5H.SI,2023,7,0.0,0.0066097958812061375
F34.SI,2021,1,,0.09876742599625041
F34.SI,2021,2,0.0018975332068312477,0.04585340211554232
F34.SI,2021,3,0.026515151515151453,0.01700029021145369
F34.SI,2021,4,-0.03690036900369007,0.03782302486828027
F34.SI,2021,5,-0.08620689655172417,-0.033434336099747275
F34.SI,2021,6,-0.05660377358490558,-0.004026761213798243
F34.SI,2021,7,-0.03333333333333341,-0.03046802006744616
F34.SI,2021,8,-0.04827586206896551,0.0057618538127902985
F34.SI,2021,9,0.016908212560386545,0.015445379940335032
F34.SI,2021,10,0.026128266033254233,0.029084296608942007
F34.SI,2021,11,-0.0486111111111111,-0.062430806902308573
F34.SI,2021,12,0.007299270072992544,-0.019526913877831963
F34.SI,2022,1,0.03140096618357486,-0.05490953417447081
F34.SI,2022,2,0.025761124121779937,0.002477971955938063
F34.SI,2022,3,0.07534246575342468,0.10747826707852819
F34.SI,2022,4,-0.05732484076433112,-0.034263094657184516
F34.SI,2022,5,-0.06081081081081091,-0.04764053087087148
F34.SI,2022,6,-0.031175059952038345,-0.036177007014385046
F34.SI,2022,7,-0.004950495049505065,0.021870798626214563
F34.SI,2022,8,0.004975124378109568,0.01291552123399961
F34.SI,2022,9,-0.04950495049504955,-0.06799997615624291
F34.SI,2022,10,0.010416666666666676,-0.031081348555469745
F34.SI,2022,11,0.05670103092783499,0.05272418156620458
F34.SI,2022,12,0.017073170731707388,-0.036348710752189636
F34.SI,2023,1,-0.02398081534772174,0.35257719336125903
F34.SI,2023,2,-0.031941031941032025,-0.048895843908380636
F34.SI,2023,3,0.0685279187817259,-0.007216349938952379
F34.SI,2023,4,-0.06650831353919236,0.03398853396497515
F34.SI,2023,5,-0.005089058524173033,-0.06160968620156909
F34.SI,2023,6,-0.02813299232736581,0.004222473645935783
F34.SI,2023,7,0.010526315789473694,0.0066097958812061375
FLEX,2020,12,,
FLEX,2021,1,-0.018909899888765288,0.09876742599625041
FLEX,2021,2,0.031179138321995505,0.04585340211554232
FLEX,2021,3,0.006597031335898704,0.01700029021145369
FLEX,2021,4,-0.049699617695248506,0.03782302486828027
FLEX,2021,5,0.05000000000000006,-0.033434336099747275
FLEX,2021,6,-0.021893814997263197,-0.004026761213798243
FLEX,2021,7,0.005595970900951195,-0.03046802006744616
FLEX,2021,8,0.03394546466332774,0.0057618538127902985
FLEX,2021,9,-0.04843918191603868,0.015445379940335032
FLEX,2021,10,-0.044117647058823595,0.029084296608942007
FLEX,2021,11,0.011834319526627389,-0.062430806902308573
FLEX,2021,12,0.07192982456140332,-0.019526913877831963
FLEX,2022,1,-0.11729405346426616,-0.05490953417447081
FLEX,2022,2,0.01915945611866494,0.002477971955938063
FLEX,2022,3,0.12492419648271695,0.10747826707852819
FLEX,2022,4,-0.1110512129380055,-0.034263094657184516
FLEX,2022,5,0.03517283201940582,-0.04764053087087148
FLEX,2022,6,-0.15231400117164615,-0.036177007014385046
FLEX,2022,7,0.16102280580511402,0.021870798626214563
FLEX,2022,8,0.060119047619047496,0.01291552123399961
FLEX,2022,9,-0.06457046603031998,-0.06799997615624291
FLEX,2022,10,0.1752701080432172,-0.031081348555469745
FLEX,2022,11,0.12257405515832494,0.05272418156620458
FLEX,2022,12,-0.023657870791628732,-0.036348710752189636
FLEX,2023,1,0.08807082945013982,0.35257719336125903
FLEX,2023,2,-0.025267665952890785,-0.048895843908380636
FLEX,2023,3,0.010984182776801405,-0.007216349938952379
FLEX,2023,4,-0.10604085180356372,0.03398853396497515
FLEX,2023,5,0.23432182790471562,-0.06160968620156909
FLEX,2023,6,0.08861756597085467,0.004222473645935783
FLEX,2023,7,-0.023878437047756877,0.0066097958812061375
G07.SI,2021,1,,0.09876742599625041
G07.SI,2021,2,0.02099236641221363,0.04585340211554232
G07.SI,2021,3,0.05280373831775713,0.01700029021145369
G07.SI,2021,4,0.019085663559698166,0.03782302486828027
G07.SI,2021,5,-0.002613240418118566,-0.033434336099747275
G07.SI,2021,6,-0.028384279475982474,-0.004026761213798243
G07.SI,2021,7,-0.02876404494382025,-0.03046802006744616
G07.SI,2021,8,-0.01897269782508099,0.0057618538127902985
G07.SI,2021,9,0.005660377358490613,0.015445379940335032
G07.SI,2021,10,0.009380863039399591,0.029084296608942007
G07.SI,2021,11,-0.06366171003717477,-0.062430806902308573
G07.SI,2021,12,0.0,-0.019526913877831963
G07.SI,2022,1,0.04714640198511181,-0.05490953417447081
G07.SI,2022,2,-0.0331753554502371,0.002477971955938063
G07.SI,2022,3,0.046078431372549085,0.10747826707852819
G07.SI,2022,4,-0.04404873477038432,-0.034263094657184516
G07.SI,2022,5,-0.016176470588235212,-0.04764053087087148
G07.SI,2022,6,-0.023418036870951613,-0.036177007014385046
G07.SI,2022,7,-0.008163265306122455,0.021870798626214563
G07.SI,2022,8,-0.0025720164609053862,0.01291552123399961
G07.SI,2022,9,-0.03145951521402782,-0.06799997615624291
G07.SI,2022,10,-0.046858359957401625,-0.031081348555469745
G07.SI,2022,11,0.007262569832402378,0.05272418156620458
G07.SI,2022,12,0.02606766500277309,-0.036348710752189636
G07.SI,2023,1,0.02702702702702703,0.35257719336125903
G07.SI,2023,2,-0.05105263157894731,-0.048895843908380636
G07.SI,2023,3,-0.029395452024403832,-0.007216349938952379
G07.SI,2023,4,-0.02685714285714279,0.03398853396497515
G07.SI,2023,5,-0.009982384028185654,-0.06160968620156909
G07.SI,2023,6,0.0474495848161329,0.004222473645935783
G07.SI,2023,7,0.05605889014722528,0.0066097958812061375
G13.SI,2021,1,,0.09876742599625041
G13.SI,2021,2,0.0,0.04585340211554232
G13.SI,2021,3,0.07602339181286556,0.01700029021145369
G13.SI,2021,4,-0.059782608695652224,0.03782302486828027
G13.SI,2021,5,-0.023121387283237014,-0.033434336099747275
G13.SI,2021,6,-0.011834319526627229,-0.004026761213798243
G13.SI,2021,7,-0.029940119760478938,-0.03046802006744616
G13.SI,2021,8,-0.0555555555555556,0.0057618538127902985
G13.SI,2021,9,-0.058823529411764754,0.015445379940335032
G13.SI,2021,10,0.08333333333333341,0.029084296608942007
G13.SI,2021,11,-0.012820512820512832,-0.062430806902308573
G13.SI,2021,12,0.006493506493506499,-0.019526913877831963
G13.SI,2022,1,-0.05161290322580649,-0.05490953417447081
G13.SI,2022,2,0.047619047619047665,0.002477971955938063
G13.SI,2022,3,0.05844155844155835,0.10747826707852819
G13.SI,2022,4,-0.006134969325153244,-0.034263094657184516
G13.SI,2022,5,-0.03703703703703707,-0.04764053087087148
G13.SI,2022,6,-0.07692307692307698,-0.036177007014385046
G13.SI,2022,7,0.11805555555555566,0.021870798626214563
G13.SI,2022,8,-0.037267080745341644,0.01291552123399961
G13.SI,2022,9,0.012903225806451623,-0.06799997615624291
G13.SI,2022,10,0.02547770700636945,-0.031081348555469745
G13.SI,2022,11,0.09316770186335398,0.05272418156620458
G13.SI,2022,12,0.08522727272727268,-0.036348710752189636
G13.SI,2023,1,0.036649214659685896,0.35257719336125903
G13.SI,2023,2,0.03030303030303033,-0.048895843908380636
G13.SI,2023,3,0.09803921568627459,-0.007216349938952379
G13.SI,2023,4,0.008928571428571237,0.03398853396497515
G13.SI,2023,5,-0.10619469026548663,-0.06160968620156909
G13.SI,2023,6,-0.06930693069306937,0.004222473645935783
G13.SI,2023,7,0.0,0.0066097958812061375
GDTC,2023,4,,0.03398853396497515
GDTC,2023,5,-0.18507462686567167,-0.06160968620156909
GDTC,2023,6,0.11721611721611716,0.004222473645935783
GDTC,2023,7,0.3934426229508198,0.0066097958812061375
GFAI,2021,9,,0.015445379940335032
GFAI,2021,10,-0.22979797979797983,0.029084296608942007
GFAI,2021,11,-0.4295081967213115,-0.062430806902308573
GFAI,2021,12,-0.37931034482758613,-0.019526913877831963
GFAI,2022,1,-0.3240740740740741,-0.05490953417447081
GFAI,2022,2,-0.19178082191780815,0.002477971955938063
GFAI,2022,3,1.6101694915254237,0.10747826707852819
GFAI,2022,4,-0.5636363636363636,-0.034263094657184516
GFAI,2022,5,-0.14732142857142846,-0.04764053087087148
GFAI,2022,6,-0.20767888307155327,-0.036177007014385046
GFAI,2022,7,-0.3854625550660793,0.021870798626214563
GFAI,2022,8,0.30465949820788535,0.01291552123399961
GFAI,2022,9,-0.3434065934065934,-0.06799997615624291
GFAI,2022,10,-0.07112970711297067,-0.031081348555469745
GFAI,2022,11,-0.13063063063063074,0.05272418156620458
GFAI,2022,12,-0.34196891191709844,-0.036348710752189636
GFAI,2023,1,0.9763779527559053,0.35257719336125903
GFAI,2023,2,-0.23804780876494014,-0.048895843908380636
GFAI,2023,3,-0.07450980392156867,-0.007216349938952379
GFAI,2023,4,1.189265536723164,0.03398853396497515
GFAI,2023,5,-0.5948387096774193,-0.06160968620156909
GFAI,2023,6,-0.1974522292993631,0.004222473645935783
GFAI,2023,7,0.1984126984126984,0.0066097958812061375
GNS,2022,4,,-0.034263094657184516
GNS,2022,5,0.4278260869565219,-0.04764053087087148
GNS,2022,6,-0.2813641900121803,-0.036177007014385046
GNS,2022,7,-0.33898305084745767,0.021870798626214563
GNS,2022,8,-0.32051282051282054,0.01291552123399961
GNS,2022,9,-0.1660377358490566,-0.06799997615624291
GNS,2022,10,-0.5203619909502262,-0.031081348555469745
GNS,2022,11,-0.4811320754716981,0.05272418156620458
GNS,2022,12,-0.4,-0.036348710752189636
GNS,2023,1,15.575757575757574,0.35257719336125903
GNS,2023,2,-0.3473491773308958,-0.048895843908380636
GNS,2023,3,-0.6218487394957983,-0.007216349938952379
GNS,2023,4,-0.3777777777777778,0.03398853396497515
GNS,2023,5,0.009523809523809533,-0.06160968620156909
GNS,2023,6,-0.169811320754717,0.004222473645935783
GNS,2023,7,-0.10511363636363631,0.0066097958812061375
GRAB,2020,12,,
GRAB,2021,1,0.08087091757387255,0.09876742599625041
GRAB,2021,2,-0.06834532374100727,0.04585340211554232
GRAB,2021,3,-0.09652509652509653,0.01700029021145369
GRAB,2021,4,0.13760683760683773,0.03782302486828027
GRAB,2021,5,-0.11419984973703992,-0.033434336099747275
GRAB,2021,6,-0.00763358778625953,-0.004026761213798243
GRAB,2021,7,-0.08717948717948715,-0.03046802006744616
GRAB,2021,8,0.006554307116104895,0.0057618538127902985
GRAB,2021,9,-0.04930232558139529,0.015445379940335032
GRAB,2021,10,0.23189823874755372,0.029084296608942007
GRAB,2021,11,0.01032565528196988,-0.062430806902308573
GRAB,2021,12,-0.4394654088050315,-0.019526913877831963
GRAB,2022,1,-0.20617110799438987,-0.05490953417447081
GRAB,2022,2,0.017667844522968136,0.002477971955938063
GRAB,2022,3,-0.3923611111111111,0.10747826707852819
GRAB,2022,4,-0.15714285714285708,-0.034263094657184516
GRAB,2022,5,-0.09830508474576272,-0.04764053087087148
GRAB,2022,6,-0.04887218045112794,-0.036177007014385046
GRAB,2022,7,0.16600790513834007,0.021870798626214563
GRAB,2022,8,-0.03389830508474579,0.01291552123399961
GRAB,2022,9,-0.07719298245614041,-0.06799997615624291
GRAB,2022,10,-0.011406844106463804,-0.031081348555469745
GRAB,2022,11,0.1615384615384615,0.05272418156620458
GRAB,2022,12,0.06622516556291397,-0.036348710752189636
GRAB,2023,1,0.17701863354037262,0.35257719336125903
GRAB,2023,2,-0.15303430079155675,-0.048895843908380636
GRAB,2023,3,-0.06230529595015582,-0.007216349938952379
GRAB,2023,4,-0.03322259136212613,0.03398853396497515
GRAB,2023,5,0.024054982817869358,-0.06160968620156909
GRAB,2023,6,0.15100671140939603,0.004222473645935783
GRAB,2023,7,0.09620991253644304,0.0066097958812061375
GRIN,2020,12,,
GRIN,2021,1,0.20476190476190462,0.09876742599625041
GRIN,2021,2,0.20948616600790526,0.04585340211554232
GRIN,2021,3,0.18790849673202606,0.01700029021145369
GRIN,2021,4,0.1416781292984871,0.03782302486828027
GRIN,2021,5,0.04457831325301195,-0.033434336099747275
GRIN,2021,6,0.2572087658592849,-0.004026761213798243
GRIN,2021,7,-0.0018348623853210618,-0.03046802006744616
GRIN,2021,8,0.49264705882352916,0.0057618538127902985
GRIN,2021,9,-0.050492610837438334,0.015445379940335032
GRIN,2021,10,-0.08560311284046694,0.029084296608942007
GRIN,2021,11,0.05744680851063833,-0.062430806902308573
GRIN,2021,12,0.20925553319919524,-0.019526913877831963
GRIN,2022,1,-0.1375485302273988,-0.05490953417447081
GRIN,2022,2,0.5845659163987138,0.002477971955938063
GRIN,2022,3,0.03246753246753249,0.10747826707852819
GRIN,2022,4,0.010220125786163443,-0.034263094657184516
GRIN,2022,5,-0.03112840466926073,-0.04764053087087148
GRIN,2022,6,-0.31124497991967875,-0.036177007014385046
GRIN,2022,7,0.050145772594752364,0.021870798626214563
GRIN,2022,8,0.3098278734036645,0.01291552123399961
GRIN,2022,9,0.014412886816447642,-0.06799997615624291
GRIN,2022,10,0.08023401587964905,-0.031081348555469745
GRIN,2022,11,-0.18607350096711806,0.05272418156620458
GRIN,2022,12,-0.11074144486692007,-0.036348710752189636
GRIN,2023,1,-0.21165152324959918,0.35257719336125903
GRIN,2023,2,-0.10644067796610171,-0.048895843908380636
GRIN,2023,3,-0.2018209408194234,-0.007216349938952379
GRIN,2023,4,0.1283269961977186,0.03398853396497515
GRIN,2023,5,-0.40101095197978087,-0.06160968620156909
GRIN,2023,6,0.1919831223628691,0.004222473645935783
GRIN,2023,7,0.047787610619469165,0.0066097958812061375
HMN.SI,2021,1,,0.09876742599625041
HMN.SI,2021,2,-0.05714285714285719,0.04585340211554232
HMN.SI,2021,3,0.08080808080808088,0.01700029021145369
HMN.SI,2021,4,-0.009345794392523372,0.03782302486828027
HMN.SI,2021,5,-0.06132075471698118,-0.033434336099747275
HMN.SI,2021,6,0.005025125628140708,-0.004026761213798243
HMN.SI,2021,7,0.030000000000000027,-0.03046802006744616
HMN.SI,2021,8,-0.019417475728155355,0.0057618538127902985
HMN.SI,2021,9,-0.08415841584158412,0.015445379940335032
HMN.SI,2021,10,0.11351351351351349,0.029084296608942007
HMN.SI,2021,11,-0.03883495145631071,-0.062430806902308573
HMN.SI,2021,12,0.04040404040404044,-0.019526913877831963
HMN.SI,2022,1,-0.009708737864077678,-0.05490953417447081
HMN.SI,2022,2,0.00980392156862746,0.002477971955938063
HMN.SI,2022,3,0.09708737864077657,0.10747826707852819
HMN.SI,2022,4,0.02654867256637171,-0.034263094657184516
HMN.SI,2022,5,0.0,-0.04764053087087148
HMN.SI,2022,6,-0.017241379310344845,-0.036177007014385046
HMN.SI,2022,7,0.026315789473684237,0.021870798626214563
HMN.SI,2022,8,-0.06837606837606826,0.01291552123399961
HMN.SI,2022,9,-0.10091743119266064,-0.06799997615624291
HMN.SI,2022,10,-0.025510204081632678,-0.031081348555469745
HMN.SI,2022,11,-0.010471204188481685,0.05272418156620458
HMN.SI,2022,12,0.11111111111111122,-0.036348710752189636
HMN.SI,2023,1,0.05714285714285719,0.35257719336125903
HMN.SI,2023,2,-0.09009009009009017,-0.048895843908380636
HMN.SI,2023,3,-0.014851485148514865,-0.007216349938952379
HMN.SI,2023,4,0.08542713567839204,0.03398853396497515
HMN.SI,2023,5,-0.018518518518518535,-0.06160968620156909
HMN.SI,2023,6,0.018867924528301903,0.004222473645935783
HMN.SI,2023,7,0.018518518518518535,0.0066097958812061375
K71U.SI,2021,1,,0.09876742599625041
K71U.SI,2021,2,-0.04918032786885251,0.04585340211554232
K71U.SI,2021,3,0.05172413793103453,0.01700029021145369
K71U.SI,2021,4,0.016393442622950834,0.03782302486828027
K71U.SI,2021,5,-0.07258064516129038,-0.033434336099747275
K71U.SI,2021,6,0.026086956521739157,-0.004026761213798243
K71U.SI,2021,7,0.0169491525423729,-0.03046802006744616
K71U.SI,2021,8,-0.12499999999999993,0.0057618538127902985
K71U.SI,2021,9,0.009523809523809532,0.015445379940335032
K71U.SI,2021,10,0.06603773584905645,0.029084296608942007
K71U.SI,2021,11,-0.017699115044247607,-0.062430806902308573
K71U.SI,2021,12,0.018018018018017834,-0.019526913877831963
K71U.SI,2022,1,-0.008849557522123706,-0.05490953417447081
K71U.SI,2022,2,0.026785714285714107,0.002477971955938063
K71U.SI,2022,3,0.06086956521739136,0.10747826707852819
K71U.SI,2022,4,0.0,-0.034263094657184516
K71U.SI,2022,5,-0.05737704918032792,-0.04764053087087148
K71U.SI,2022,6,-0.05217391304347812,-0.036177007014385046
K71U.SI,2022,7,0.018348623853211024,0.021870798626214563
K71U.SI,2022,8,-0.02702702702702705,0.01291552123399961
K71U.SI,2022,9,-0.0833333333333334,-0.06799997615624291
K71U.SI,2022,10,-0.09595959595959594,-0.031081348555469745
K71U.SI,2022,11,0.005586592178770954,0.05272418156620458
K71U.SI,2022,12,0.01111111111111112,-0.036348710752189636
K71U.SI,2023,1,0.06043956043956037,0.35257719336125903
K71U.SI,2023,2,-0.041450777202072464,-0.048895843908380636
K71U.SI,2023,3,-0.04324324324324328,-0.007216349938952379
K71U.SI,2023,4,-0.016949152542372895,0.03398853396497515
K71U.SI,2023,5,0.0,-0.06160968620156909
K71U.SI,2023,6,0.03448275862068969,0.004222473645935783
K71U.SI,2023,7,0.00555555555555556,0.0066097958812061375
KARO,2021,4,,0.03782302486828027
KARO,2021,5,-0.05011565150346944,-0.033434336099747275
KARO,2021,6,-0.0056818181818182045,-0.004026761213798243
KARO,2021,7,0.03292517006802723,-0.03046802006744616
KARO,2021,8,-0.17096944151738677,0.0057618538127902985
KARO,2021,9,-0.0619637750238322,0.015445379940335032
KARO,2021,10,0.1924119241192413,0.029084296608942007
KARO,2021,11,-0.06250000000000007,-0.062430806902308573
KARO,2021,12,0.2357575757575758,-0.019526913877831963
KARO,2022,1,-0.13455125061304565,-0.05490953417447081
KARO,2022,2,-0.10747173660499247,0.002477971955938063
KARO,2022,3,-0.05873015873015878,0.10747826707852819
KARO,2022,4,0.0016526138279933573,-0.034263094657184516
KARO,2022,5,-0.1514865820397994,-0.04764053087087148
KARO,2022,6,-0.1468253968253968,-0.036177007014385046
KARO,2022,7,0.24651162790697678,0.021870798626214563
KARO,2022,8,-0.045708955223880646,0.01291552123399961
KARO,2022,9,-0.06991202346041057,-0.06799997615624291
KARO,2022,10,0.05099424055156182,-0.031081348555469745
KARO,2022,11,0.019599999999999937,0.05272418156620458
KARO,2022,12,-0.08591604550804229,-0.036348710752189636
KARO,2023,1,0.08583690987124463,0.35257719336125903
KARO,2023,2,0.00395256916996039,-0.048895843908380636
KARO,2023,3,-0.08661417322834643,-0.007216349938952379
KARO,2023,4,0.0034482758620690453,0.03398853396497515
KARO,2023,5,-0.03694158075601372,-0.06160968620156909
KARO,2023,6,0.04371097234611939,0.004222473645935783
KARO,2023,7,0.0871794871794873,0.0066097958812061375
KEN,2020,12,,
KEN,2021,1,-0.08739992691758297,0.09876742599625041
KEN,2021,2,0.0010192195690156775,0.04585340211554232
KEN,2021,3,0.10909090909090909,0.01700029021145369
KEN,2021,4,0.07377049180327869,0.03782302486828027
KEN,2021,5,0.10534351145038176,-0.033434336099747275
KEN,2021,6,-0.04558011049723772,-0.004026761213798243
KEN,2021,7,-0.011287988422575994,-0.03046802006744616
KEN,2021,8,0.13802693208430925,0.0057618538127902985
KEN,2021,9,0.06598070739549833,0.015445379940335032
KEN,2021,10,-0.03462837837837826,0.029084296608942007
KEN,2021,11,0.13860767404074475,-0.062430806902308573
KEN,2021,12,0.15257958287596055,-0.019526913877831963
KEN,2022,1,0.0731428571428572,-0.05490953417447081
KEN,2022,2,0.004614838480653142,0.002477971955938063
KEN,2022,3,0.2,0.10747826707852819
KEN,2022,4,-0.15783274440518255,-0.034263094657184516
KEN,2022,5,-0.023776223776223765,-0.04764053087087148
KEN,2022,6,-0.28653295128939826,-0.036177007014385046
KEN,2022,7,0.08659638554216856,0.021870798626214563
KEN,2022,8,-0.060060060060060094,0.01291552123399961
KEN,2022,9,-0.1577783239125091,-0.06799997615624291
KEN,2022,10,0.1175955646337903,-0.031081348555469745
KEN,2022,11,-0.06240208877284597,0.05272418156620458
KEN,2022,12,-0.08103592314118621,-0.036348710752189636
KEN,2023,1,-0.05909090909090907,0.35257719336125903
KEN,2023,2,-0.11046698872785828,-0.048895843908380636
KEN,2023,3,0.06444605358435906,-0.007216349938952379
KEN,2023,4,-0.10476190476190471,0.03398853396497515
KEN,2023,5,-0.030395136778115527,-0.06160968620156909
KEN,2023,6,-0.08973354231974918,0.004222473645935783
KEN,2023,7,0.10848041325871716,0.0066097958812061375
KLIC,2020,12,,
KLIC,2021,1,0.12134548883998753,0.09876742599625041
KLIC,2021,2,0.3978132884777123,0.04585340211554232
KLIC,2021,3,-0.015042117930204574,0.01700029021145369
KLIC,2021,4,0.1576053756872328,0.03782302486828027
KLIC,2021,5,-0.08707124010554095,-0.033434336099747275
KLIC,2021,6,0.17919075144508678,-0.004026761213798243
KLIC,2021,7,-0.11176470588235299,-0.03046802006744616
KLIC,2021,8,0.2912067696835908,0.0057618538127902985
KLIC,2021,9,-0.1696822909246331,0.015445379940335032
KLIC,2021,10,-0.021962937542896382,0.029084296608942007
KLIC,2021,11,0.011578947368420993,-0.062430806902308573
KLIC,2021,12,0.04994797086368371,-0.019526913877831963
KLIC,2022,1,-0.0966303270564916,-0.05490953417447081
KLIC,2022,2,-0.044797952093618504,0.002477971955938063
KLIC,2022,3,0.07235834609494642,0.10747826707852819
KLIC,2022,4,-0.17154587647268843,-0.034263094657184516
KLIC,2022,5,0.16720534367593204,-0.04764053087087148
KLIC,2022,6,-0.20971017168174264,-0.036177007014385046
KLIC,2022,7,0.12403644008409238,0.021870798626214563
KLIC,2022,8,-0.12635078969243554,0.01291552123399961
KLIC,2022,9,-0.08349191246431965,-0.06799997615624291
KLIC,2022,10,0.08850246561121194,-0.031081348555469745
KLIC,2022,11,0.14329995231282797,0.05272418156620458
KLIC,2022,12,-0.07695516162669457,-0.036348710752189636
KLIC,2023,1,0.1545413465883417,0.35257719336125903
KLIC,2023,2,0.04305283757338543,-0.048895843908380636
KLIC,2023,3,-0.011444652908067532,-0.007216349938952379
KLIC,2023,4,-0.09546403492123745,0.03398853396497515
KLIC,2023,5,0.10952580780528759,-0.06160968620156909
KLIC,2023,6,0.12424357034795763,0.004222473645935783
KLIC,2023,7,0.0011774600504625783,0.0066097958812061375
M44U.SI,2021,1,,0.09876742599625041
M44U.SI,2021,2,-0.06565656565656561,0.04585340211554232
M44U.SI,2021,3,0.04324324324324316,0.01700029021145369
M44U.SI,2021,4,0.03108808290155443,0.03782302486828027
M44U.SI,2021,5,0.0,-0.033434336099747275
M44U.SI,2021,6,0.030150753768844137,-0.004026761213798243
M44U.SI,2021,7,0.02926829268292686,-0.03046802006744616
M44U.SI,2021,8,-0.037914691943128,0.0057618538127902985
M44U.SI,2021,9,0.004926108374384351,0.015445379940335032
M44U.SI,2021,10,-0.00980392156862746,0.029084296608942007
M44U.SI,2021,11,-0.07920792079207917,-0.062430806902308573
M44U.SI,2021,12,0.02150537634408592,-0.019526913877831963
M44U.SI,2022,1,-0.11052631578947367,-0.05490953417447081
M44U.SI,2022,2,0.03550295857988169,0.002477971955938063
M44U.SI,2022,3,0.0571428571428572,0.10747826707852819
M44U.SI,2022,4,-0.03243243243243246,-0.034263094657184516
M44U.SI,2022,5,-0.08379888268156432,-0.04764053087087148
M44U.SI,2022,6,0.024390243902439046,-0.036177007014385046
M44U.SI,2022,7,0.047619047619047665,0.021870798626214563
M44U.SI,2022,8,-0.05113636363636368,0.01291552123399961
M44U.SI,2022,9,-0.06586826347305381,-0.06799997615624291
M44U.SI,2022,10,-0.025641025641025664,-0.031081348555469745
M44U.SI,2022,11,0.059210526315789526,0.05272418156620458
M44U.SI,2022,12,-0.012422360248447215,-0.036348710752189636
M44U.SI,2023,1,0.0628930817610062,0.35257719336125903
M44U.SI,2023,2,0.0,-0.048895843908380636
M44U.SI,2023,3,0.011834319526627229,-0.007216349938952379
M44U.SI,2023,4,0.017543859649122823,0.03398853396497515
M44U.SI,2023,5,-0.045977011494252915,-0.06160968620156909
M44U.SI,2023,6,-0.024096385542168565,0.004222473645935783
M44U.SI,2023,7,0.06790123456790115,0.0066097958812061375
MAXN,2020,12,,
MAXN,2021,1,0.4310891787099048,0.09876742599625041
MAXN,2021,2,-0.17068965517241377,0.04585340211554232
MAXN,2021,3,-0.06266706266706275,0.01700029021145369
MAXN,2021,4,-0.42965779467680604,0.03782302486828027
MAXN,2021,5,-0.13222222222222227,-0.033434336099747275
MAXN,2021,6,0.3719590268886044,-0.004026761213798243
MAXN,2021,7,-0.2580494633691087,-0.03046802006744616
MAXN,2021,8,0.0729559748427672,0.0057618538127902985
MAXN,2021,9,0.03341148886283706,0.015445379940335032
MAXN,2021,10,0.27793533749290994,0.029084296608942007
MAXN,2021,11,-0.18996893031513543,-0.062430806902308573
MAXN,2021,12,-0.23835616438356164,-0.019526913877831963
MAXN,2022,1,-0.20647482014388496,-0.05490953417447081
MAXN,2022,2,-0.01722574796010875,0.002477971955938063
MAXN,2022,3,0.3357933579335794,0.10747826707852819
MAXN,2022,4,-0.20027624309392267,-0.034263094657184516
MAXN,2022,5,0.03281519861830749,-0.04764053087087148
MAXN,2022,6,0.11120401337792626,-0.036177007014385046
MAXN,2022,7,0.29796839729119645,0.021870798626214563
MAXN,2022,8,0.1507246376811595,0.01291552123399961
MAXN,2022,9,0.19748110831234247,-0.06799997615624291
MAXN,2022,10,-0.27303323517038275,-0.031081348555469745
MAXN,2022,11,0.3321759259259258,0.05272418156620458
MAXN,2022,12,-0.3023457862728063,-0.036348710752189636
MAXN,2023,1,0.3673723536737237,0.35257719336125903
MAXN,2023,2,-0.19854280510018213,-0.048895843908380636
MAXN,2023,3,0.5079545454545453,-0.007216349938952379
MAXN,2023,4,0.05915599095704598,0.03398853396497515
MAXN,2023,5,-0.011383849163998587,-0.06160968620156909
MAXN,2023,6,0.013314141777617885,0.004222473645935783
MAXN,2023,7,-0.1431107954545455,0.0066097958812061375
ME8U.SI,2021,1,,0.09876742599625041
ME8U.SI,2021,2,-0.07307692307692311,0.04585340211554232
ME8U.SI,2021,3,0.03017729158808,0.01700029021145369
ME8U.SI,2021,4,0.032954961552544966,0.03782302486828027
ME8U.SI,2021,5,0.0031903580290676696,-0.033434336099747275
ME8U.SI,2021,6,0.0,-0.004026761213798243
ME8U.SI,2021,7,0.06007067137809185,-0.03046802006744616
ME8U.SI,2021,8,-0.02666666666666669,0.0057618538127902985
ME8U.SI,2021,9,-0.0479452054794521,0.015445379940335032
ME8U.SI,2021,10,-0.010791366906474751,0.029084296608942007
ME8U.SI,2021,11,-0.03999999999999995,-0.062430806902308573
ME8U.SI,2021,12,0.026515151515151453,-0.019526913877831963
ME8U.SI,2022,1,-0.07380073800738014,-0.05490953417447081
ME8U.SI,2022,2,0.01992031872509971,0.002477971955938063
ME8U.SI,2022,3,0.05078124999999996,0.10747826707852819
ME8U.SI,2022,4,-0.02973977695167289,-0.034263094657184516
ME8U.SI,2022,5,-0.04980842911877391,-0.04764053087087148
ME8U.SI,2022,6,0.04838709677419359,-0.036177007014385046
ME8U.SI,2022,7,0.04230769230769226,0.021870798626214563
ME8U.SI,2022,8,-0.06642066420664212,0.01291552123399961
ME8U.SI,2022,9,-0.059288537549407085,-0.06799997615624291
ME8U.SI,2022,10,-0.07563025210084022,-0.031081348555469745
ME8U.SI,2022,11,0.013636363636363547,0.05272418156620458
ME8U.SI,2022,12,-0.0044843049327353305,-0.036348710752189636
ME8U.SI,2023,1,0.07207207207207193,0.35257719336125903
ME8U.SI,2023,2,-0.008403361344537823,-0.048895843908380636
ME8U.SI,2023,3,0.004237288135593318,-0.007216349938952379
ME8U.SI,2023,4,0.004219409282700331,0.03398853396497515
ME8U.SI,2023,5,-0.04621848739495793,-0.06160968620156909
ME8U.SI,2023,6,-0.02643171806167403,0.004222473645935783
ME8U.SI,2023,7,0.02714932126696835,0.0066097958812061375
N2IU.SI,2021,1,,0.09876742599625041
N2IU.SI,2021,2,-0.014492753623188312,0.04585340211554232
N2IU.SI,2021,3,0.03921568627450984,0.01700029021145369
N2IU.SI,2021,4,0.033018867924528225,0.03782302486828027
N2IU.SI,2021,5,-0.04109589041095884,-0.033434336099747275
N2IU.SI,2021,6,0.028571428571428595,-0.004026761213798243
N2IU.SI,2021,7,0.0,-0.03046802006744616
N2IU.SI,2021,8,-0.060185185185185334,0.0057618538127902985
N2IU.SI,2021,9,0.019704433497536967,0.015445379940335032
N2IU.SI,2021,10,0.05314009661835765,0.029084296608942007
N2IU.SI,2021,11,-0.06422018348623859,-0.062430806902308573
N2IU.SI,2021,12,-0.01960784313725492,-0.019526913877831963
N2IU.SI,2022,1,-0.09999999999999998,-0.05490953417447081
N2IU.SI,2022,2,0.00555555555555556,0.002477971955938063
N2IU.SI,2022,3,0.044198895027624224,0.10747826707852819
N2IU.SI,2022,4,-0.010582010582010474,-0.034263094657184516
N2IU.SI,2022,5,-0.048128342245989345,-0.04764053087087148
N2IU.SI,2022,6,0.02808988764044946,-0.036177007014385046
N2IU.SI,2022,7,0.03825136612021849,0.021870798626214563
N2IU.SI,2022,8,-0.03157894736842096,0.01291552123399961
N2IU.SI,2022,9,-0.06521739130434788,-0.06799997615624291
N2IU.SI,2022,10,-0.07558139534883715,-0.031081348555469745
N2IU.SI,2022,11,0.07547169811320747,0.05272418156620458
N2IU.SI,2022,12,-0.0233918128654971,-0.036348710752189636
N2IU.SI,2023,1,0.08982035928143721,0.35257719336125903
N2IU.SI,2023,2,-0.05494505494505499,-0.048895843908380636
N2IU.SI,2023,3,0.046511627906976785,-0.007216349938952379
N2IU.SI,2023,4,-0.02222222222222224,0.03398853396497515
N2IU.SI,2023,5,-0.06250000000000006,-0.06160968620156909
N2IU.SI,2023,6,-0.018181818181818063,0.004222473645935783
N2IU.SI,2023,7,0.03703703703703693,0.0066097958812061375
NS8U.SI,2021,1,,0.09876742599625041
NS8U.SI,2021,2,0.17073170731707318,0.04585340211554232
NS8U.SI,2021,3,-0.062499999999999944,0.01700029021145369
NS8U.SI,2021,4,0.11111111111111108,0.03782302486828027
NS8U.SI,2021,5,-0.06000000000000005,-0.033434336099747275
NS8U.SI,2021,6,-0.042553191489361625,-0.004026761213798243
NS8U.SI,2021,7,0.04444444444444436,-0.03046802006744616
NS8U.SI,2021,8,-0.1276595744680851,0.0057618538127902985
NS8U.SI,2021,9,0.17073170731707318,0.015445379940335032
NS8U.SI,2021,10,-0.10416666666666664,0.029084296608942007
NS8U.SI,2021,11,0.046511627906976785,-0.062430806902308573
NS8U.SI,2021,12,0.0,-0.019526913877831963
NS8U.SI,2022,1,0.04444444444444436,-0.05490953417447081
NS8U.SI,2022,2,0.06382978723404262,0.002477971955938063
NS8U.SI,2022,3,-0.020000000000000018,0.10747826707852819
NS8U.SI,2022,4,-0.02040816326530614,-0.034263094657184516
NS8U.SI,2022,5,0.0,-0.04764053087087148
NS8U.SI,2022,6,-0.020833333333333353,-0.036177007014385046
NS8U.SI,2022,7,0.0,0.021870798626214563
NS8U.SI,2022,8,-0.08510638297872336,0.01291552123399961
NS8U.SI,2022,9,-0.14418604651162792,-0.06799997615624291
NS8U.SI,2022,10,-0.11413043478260865,-0.031081348555469745
NS8U.SI,2022,11,0.14110429447852757,0.05272418156620458
NS8U.SI,2022,12,0.04301075268817208,-0.036348710752189636
NS8U.SI,2023,1,0.056701030927834954,0.35257719336125903
NS8U.SI,2023,2,-0.10243902439024387,-0.048895843908380636
NS8U.SI,2023,3,0.01630434782608697,-0.007216349938952379
NS8U.SI,2023,4,0.01069518716577541,0.03398853396497515
NS8U.SI,2023,5,-0.03174603174603177,-0.06160968620156909
NS8U.SI,2023,6,0.054644808743169446,0.004222473645935783
NS8U.SI,2023,7,-0.04663212435233165,0.0066097958812061375
O39.SI,2021,1,,0.09876742599625041
O39.SI,2021,2,0.06492248062015503,0.04585340211554232
O39.SI,2021,3,0.06915377616014556,0.01700029021145369
O39.SI,2021,4,0.03829787234042547,0.03782302486828027
O39.SI,2021,5,0.013114754098360668,-0.033434336099747275
O39.SI,2021,6,-0.03317152103559872,-0.004026761213798243
O39.SI,2021,7,0.029288702928870414,-0.03046802006744616
O39.SI,2021,8,-0.07073170731707325,0.0057618538127902985
O39.SI,2021,9,0.006124234470691188,0.015445379940335032
O39.SI,2021,10,0.02608695652173919,0.029084296608942007
O39.SI,2021,11,-0.06949152542372883,-0.062430806902308573
O39.SI,2021,12,0.03825136612021857,-0.019526913877831963
O39.SI,2022,1,0.09385964912280705,-0.05490953417447081
O39.SI,2022,2,-0.06415396952686453,0.002477971955938063
O39.SI,2022,3,0.060839760068551914,0.10747826707852819
O39.SI,2022,4,0.0008077544426494173,-0.034263094657184516
O39.SI,2022,5,-0.04519774011299439,-0.04764053087087148
O39.SI,2022,6,-0.037193575655114074,-0.036177007014385046
O39.SI,2022,7,0.024582967515364297,0.021870798626214563
O39.SI,2022,8,0.03598971722365038,0.01291552123399961
O39.SI,2022,9,-0.021505376344086002,-0.06799997615624291
O39.SI,2022,10,0.025359256128486957,-0.031081348555469745
O39.SI,2022,11,0.025556471558120256,0.05272418156620458
O39.SI,2022,12,-0.020900321543408342,-0.036348710752189636
O39.SI,2023,1,0.06157635467980296,0.35257719336125903
O39.SI,2023,2,-0.020108275328692946,-0.048895843908380636
O39.SI,2023,3,-0.023677979479084506,-0.007216349938952379
O39.SI,2023,4,0.016976556184316965,0.03398853396497515
O39.SI,2023,5,-0.02464228934817174,-0.06160968620156909
O39.SI,2023,6,0.0008149959250203575,0.004222473645935783
O39.SI,2023,7,0.07654723127035841,0.0066097958812061375
OMH,2023,3,,-0.007216349938952379
OMH,2023,4,0.6159250585480096,0.03398853396497515
OMH,2023,5,-0.35507246376811596,-0.06160968620156909
OMH,2023,6,-0.12359550561797758,0.004222473645935783
OMH,2023,7,-0.2512820512820513,0.0066097958812061375
P15.SI,2021,1,,0.09876742599625041
P15.SI,2021,2,0.10769230769230762,0.04585340211554232
P15.SI,2021,3,0.0,0.01700029021145369
P15.SI,2021,4,0.11111111111111122,0.03782302486828027
P15.SI,2021,5,-0.13750000000000012,-0.033434336099747275
P15.SI,2021,6,0.0,-0.004026761213798243
P15.SI,2021,7,0.04347826086956526,-0.03046802006744616
P15.SI,2021,8,0.13888888888888887,0.0057618538127902985
P15.SI,2021,9,-0.07317073170731701,0.015445379940335032
P15.SI,2021,10,-0.013157894736842117,0.029084296608942007
P15.SI,2021,11,0.02666666666666669,-0.062430806902308573
P15.SI,2021,12,0.012987012987012998,-0.019526913877831963
P15.SI,2022,1,0.03846153846153849,-0.05490953417447081
P15.SI,2022,2,0.03703703703703693,0.002477971955938063
P15.SI,2022,3,0.023809523809523832,0.10747826707852819
P15.SI,2022,4,0.03488372093023259,-0.034263094657184516
P15.SI,2022,5,-0.10112359550561795,-0.04764053087087148
P15.SI,2022,6,0.012500000000000011,-0.036177007014385046
P15.SI,2022,7,0.0,0.021870798626214563
P15.SI,2022,8,0.18518518518518506,0.01291552123399961
P15.SI,2022,9,-0.010416666666666676,-0.06799997615624291
P15.SI,2022,10,-0.19999999999999996,-0.031081348555469745
P15.SI,2022,11,0.026315789473684233,0.05272418156620458
P15.SI,2022,12,0.06410256410256401,-0.036348710752189636
P15.SI,2023,1,-0.012048192771084348,0.35257719336125903
P15.SI,2023,2,0.03658536585365857,-0.048895843908380636
P15.SI,2023,3,-0.09411764705882349,-0.007216349938952379
P15.SI,2023,4,-0.038961038961038995,0.03398853396497515
P15.SI,2023,5,-0.054054054054054106,-0.06160968620156909
P15.SI,2023,6,0.0285714285714286,0.004222473645935783
P15.SI,2023,7,-0.013888888888888902,0.0066097958812061375
PGRU,2022,3,,0.10747826707852819
PGRU,2022,4,0.11739130434782602,-0.034263094657184516
PGRU,2022,5,-0.27496757457846954,-0.04764053087087148
PGRU,2022,6,-0.1949910554561717,-0.036177007014385046
PGRU,2022,7,-0.008888888888888898,0.021870798626214563
PGRU,2022,8,0.14573991031390143,0.01291552123399961
PGRU,2022,9,-0.12328767123287668,-0.06799997615624291
PGRU,2022,10,0.11830357142857127,-0.031081348555469745
PGRU,2022,11,0.02794411177644722,0.05272418156620458
PGRU,2022,12,-0.163106796116505,-0.036348710752189636
PGRU,2023,1,0.03248259860788877,0.35257719336125903
PGRU,2023,2,0.08539325842696627,-0.048895843908380636
PGRU,2023,3,0.0351966873706004,-0.007216349938952379
PGRU,2023,4,-0.08399999999999999,0.03398853396497515
PGRU,2023,5,-0.052401746724890876,-0.06160968620156909
PGRU,2023,6,0.023041474654378002,0.004222473645935783
PGRU,2023,7,-0.0540540540540541,0.0066097958812061375
S08.SI,2021,1,,0.09876742599625041
S08.SI,2021,2,0.00724637681159421,0.04585340211554232
S08.SI,2021,3,0.007194244604316554,0.01700029021145369
S08.SI,2021,4,0.10000000000000009,0.03782302486828027
S08.SI,2021,5,-0.05844155844155849,-0.033434336099747275
S08.SI,2021,6,-0.013793103448275874,-0.004026761213798243
S08.SI,2021,7,-0.10489510489510484,-0.03046802006744616
S08.SI,2021,8,0.02343750000000002,0.0057618538127902985
S08.SI,2021,9,-0.030534351145038195,0.015445379940335032
S08.SI,2021,10,0.03149606299212601,0.029084296608942007
S08.SI,2021,11,0.007633587786259549,-0.062430806902308573
S08.SI,2021,12,-0.015151515151515164,-0.019526913877831963
S08.SI,2022,1,-0.023076923076923096,-0.05490953417447081
S08.SI,2022,2,-0.007874015748031503,0.002477971955938063
S08.SI,2022,3,0.03174603174603177,0.10747826707852819
S08.SI,2022,4,0.09999999999999991,-0.034263094657184516
S08.SI,2022,5,-0.05594405594405584,-0.04764053087087148
S08.SI,2022,6,-0.03703703703703707,-0.036177007014385046
S08.SI,2022,7,-0.023076923076923096,0.021870798626214563
S08.SI,2022,8,-0.08661417322834654,0.01291552123399961
S08.SI,2022,9,-0.06034482758620676,-0.06799997615624291
S08.SI,2022,10,-0.009174311926605512,-0.031081348555469745
S08.SI,2022,11,-0.03703703703703707,0.05272418156620458
S08.SI,2022,12,0.0,-0.036348710752189636
S08.SI,2023,1,0.07692307692307698,0.35257719336125903
S08.SI,2023,2,-0.04464285714285718,-0.048895843908380636
S08.SI,2023,3,-0.0654205607476636,-0.007216349938952379
S08.SI,2023,4,0.020000000000000018,0.03398853396497515
S08.SI,2023,5,-0.12745098039215685,-0.06160968620156909
S08.SI,2023,6,0.011235955056179785,0.004222473645935783
S08.SI,2023,7,0.09999999999999996,0.0066097958812061375
S51.SI,2021,1,,0.09876742599625041
S51.SI,2021,2,0.0551724137931035,0.04585340211554232
S51.SI,2021,3,0.11111111111111122,0.01700029021145369
S51.SI,2021,4,0.23529411764705868,0.03782302486828027
S51.SI,2021,5,-0.04761904761904753,-0.033434336099747275
S51.SI,2021,6,-0.4000000000000001,-0.004026761213798243
S51.SI,2021,7,-0.04166666666666659,-0.03046802006744616
S51.SI,2021,8,-0.2608695652173913,0.0057618538127902985
S51.SI,2021,9,-0.023529411764705903,0.015445379940335032
S51.SI,2021,10,-0.04819277108433739,0.029084296608942007
S51.SI,2021,11,0.07594936708860767,-0.062430806902308573
S51.SI,2021,12,-0.03529411764705885,-0.019526913877831963
S51.SI,2022,1,0.0,-0.05490953417447081
S51.SI,2022,2,0.012195121951219523,0.002477971955938063
S51.SI,2022,3,0.18072289156626503,0.10747826707852819
S51.SI,2022,4,0.11224489795918363,-0.034263094657184516
S51.SI,2022,5,0.091743119266055,-0.04764053087087148
S51.SI,2022,6,-0.09243697478991593,-0.036177007014385046
S51.SI,2022,7,0.009259259259259267,0.021870798626214563
S51.SI,2022,8,0.0733944954128441,0.01291552123399961
S51.SI,2022,9,-0.0940170940170941,-0.06799997615624291
S51.SI,2022,10,0.19811320754716985,-0.031081348555469745
S51.SI,2022,11,0.08661417322834654,0.05272418156620458
S51.SI,2022,12,0.0,-0.036348710752189636
S51.SI,2023,1,0.028985507246376635,0.35257719336125903
S51.SI,2023,2,-0.10563380281690131,-0.048895843908380636
S51.SI,2023,3,-0.06299212598425202,-0.007216349938952379
S51.SI,2023,4,0.042016806722689114,0.03398853396497515
S51.SI,2023,5,-0.008064516129032265,-0.06160968620156909
S51.SI,2023,6,0.016260162601626032,0.004222473645935783
S51.SI,2023,7,0.1439999999999999,0.0066097958812061375
S58.SI,2021,1,,0.09876742599625041
S58.SI,2021,2,0.14285714285714293,0.04585340211554232
S58.SI,2021,3,-0.011363636363636524,0.01700029021145369
S58.SI,2021,4,-0.06666666666666668,0.03782302486828027
S58.SI,2021,5,-0.03448275862068958,-0.033434336099747275
S58.SI,2021,6,0.002551020408163324,-0.004026761213798243
S58.SI,2021,7,0.020356234096692016,-0.03046802006744616
S58.SI,2021,8,0.0149625935162096,0.0057618538127902985
S58.SI,2021,9,0.022113022113022077,0.015445379940335032
S58.SI,2021,10,0.007211538461538521,0.029084296608942007
S58.SI,2021,11,-0.0930787589498808,-0.062430806902308573
S58.SI,2021,12,0.02368421052631587,-0.019526913877831963
S58.SI,2022,1,0.005141388174807203,-0.05490953417447081
S58.SI,2022,2,0.015345268542199501,0.002477971955938063
S58.SI,2022,3,0.09319899244332484,0.10747826707852819
S58.SI,2022,4,0.04838709677419354,-0.034263094657184516
S58.SI,2022,5,-0.03736263736263735,-0.04764053087087148
S58.SI,2022,6,-0.1095890410958904,-0.036177007014385046
S58.SI,2022,7,0.017948717948718024,0.021870798626214563
S58.SI,2022,8,0.017632241813601974,0.01291552123399961
S58.SI,2022,9,-0.254950495049505,-0.06799997615624291
S58.SI,2022,10,-0.09302325581395343,-0.031081348555469745
S58.SI,2022,11,-0.021978021978021997,0.05272418156620458
S58.SI,2022,12,0.0636704119850187,-0.036348710752189636
S58.SI,2023,1,0.0633802816901409,0.35257719336125903
S58.SI,2023,2,-0.11390728476821188,-0.048895843908380636
S58.SI,2023,3,0.0426008968609865,-0.007216349938952379
S58.SI,2023,4,-0.08960573476702509,0.03398853396497515
S58.SI,2023,5,0.015748031496063006,-0.06160968620156909
S58.SI,2023,6,0.0,0.004222473645935783
S58.SI,2023,7,0.06201550387596905,0.0066097958812061375
S63.SI,2021,1,,0.09876742599625041
S63.SI,2021,2,0.013477088948787014,0.04585340211554232
S63.SI,2021,3,0.034574468085106475,0.01700029021145369
S63.SI,2021,4,-0.007712082262210861,0.03782302486828027
S63.SI,2021,5,0.0025906735751295936,-0.033434336099747275
S63.SI,2021,6,0.0,-0.004026761213798243
S63.SI,2021,7,0.03617571059431516,-0.03046802006744616
S63.SI,2021,8,-0.057356608478802994,0.0057618538127902985
S63.SI,2021,9,0.007936507936508002,0.015445379940335032
S63.SI,2021,10,0.005249343832021002,0.029084296608942007
S63.SI,2021,11,-0.005221932114882511,-0.062430806902308573
S63.SI,2021,12,-0.013123359580052563,-0.019526913877831963
S63.SI,2022,1,-0.007978723404255268,-0.05490953417447081
S63.SI,2022,2,0.02412868632707771,0.002477971955938063
S63.SI,2022,3,0.07853403141361263,0.10747826707852819
S63.SI,2022,4,-0.004854368932038947,-0.034263094657184516
S63.SI,2022,5,0.0024390243902440672,-0.04764053087087148
S63.SI,2022,6,-0.00729927007299276,-0.036177007014385046
S63.SI,2022,7,-0.014705882352941298,0.021870798626214563
S63.SI,2022,8,-0.07213930348258697,0.01291552123399961
S63.SI,2022,9,-0.040214477211796225,-0.06799997615624291
S63.SI,2022,10,-0.07821229050279337,-0.031081348555469745
S63.SI,2022,11,0.039393939393939495,0.05272418156620458
S63.SI,2022,12,-0.023323615160349875,-0.036348710752189636
S63.SI,2023,1,0.09850746268656718,0.35257719336125903
S63.SI,2023,2,-0.02989130434782617,-0.048895843908380636
S63.SI,2023,3,0.025210084033613533,-0.007216349938952379
S63.SI,2023,4,-0.010928961748633888,0.03398853396497515
S63.SI,2023,5,0.011049723756906087,-0.06160968620156909
S63.SI,2023,6,0.005464480874316944,0.004222473645935783
S63.SI,2023,7,0.01902173913043474,0.0066097958812061375
S68.SI,2021,1,,0.09876742599625041
S68.SI,2021,2,0.009090909090909077,0.04585340211554232
S68.SI,2021,3,-0.0020020020020019595,0.01700029021145369
S68.SI,2021,4,0.048144433299899564,0.03782302486828027
S68.SI,2021,5,-0.011483253588516672,-0.033434336099747275
S68.SI,2021,6,0.0822846079380445,-0.004026761213798243
S68.SI,2021,7,0.0626118067978534,-0.03046802006744616
S68.SI,2021,8,-0.16666666666666669,0.0057618538127902985
S68.SI,2021,9,0.008080808080808088,0.015445379940335032
S68.SI,2021,10,-0.03006012024048103,0.029084296608942007
S68.SI,2021,11,-0.07747933884297521,-0.062430806902308573
S68.SI,2021,12,0.0414333706606944,-0.019526913877831963
S68.SI,2022,1,0.001075268817204278,-0.05490953417447081
S68.SI,2022,2,0.003222341568206161,0.002477971955938063
S68.SI,2022,3,0.06745182012847974,0.10747826707852819
S68.SI,2022,4,-0.018054162487462534,-0.034263094657184516
S68.SI,2022,5,-0.02655771195097036,-0.04764053087087148
S68.SI,2022,6,-0.007345225603357661,-0.036177007014385046
S68.SI,2022,7,0.04651162790697669,0.021870798626214563
S68.SI,2022,8,-0.041414141414141424,0.01291552123399961
S68.SI,2022,9,-0.0031612223393044634,-0.06799997615624291
S68.SI,2022,10,-0.10993657505285422,-0.031081348555469745
S68.SI,2022,11,0.07482185273159155,0.05272418156620458
S68.SI,2022,12,-0.011049723756906233,-0.036348710752189636
S68.SI,2023,1,0.03016759776536328,0.35257719336125903
S68.SI,2023,2,-0.05531453362255963,-0.048895843908380636
S68.SI,2023,3,0.07921928817451199,-0.007216349938952379
S68.SI,2023,4,0.018085106382978715,0.03398853396497515
S68.SI,2023,5,-0.030303030303030398,-0.06160968620156909
S68.SI,2023,6,0.035560344827586216,0.004222473645935783
S68.SI,2023,7,0.011446409989594298,0.0066097958812061375
SE,2020,12,,
SE,2021,1,0.08872142677719164,0.09876742599625041
SE,2021,2,0.0875824835032993,0.04585340211554232
SE,2021,3,-0.0528660528660529,0.01700029021145369
SE,2021,4,0.13129955651122163,0.03782302486828027
SE,2021,5,0.002771838124653588,-0.033434336099747275
SE,2021,6,0.08434686463433902,-0.004026761213798243
SE,2021,7,0.005680990531682455,-0.03046802006744616
SE,2021,8,0.2250869061413672,0.0057618538127902985
SE,2021,9,-0.0579037597540789,0.015445379940335032
SE,2021,10,0.07793430176011036,0.029084296608942007
SE,2021,11,-0.16153913321884913,-0.062430806902308573
SE,2021,12,-0.2234179192557364,-0.019526913877831963
SE,2022,1,-0.3281033480845738,-0.05490953417447081
SE,2022,2,-0.031335240502960604,0.002477971955938063
SE,2022,3,-0.17726648351648344,0.10747826707852819
SE,2022,4,-0.30912430085983805,-0.034263094657184516
SE,2022,5,-0.00120831319478019,-0.04764053087087148
SE,2022,6,-0.19114444713283327,-0.036177007014385046
SE,2022,7,0.1414896799282081,0.021870798626214563
SE,2022,8,-0.1876310272536687,0.01291552123399961
SE,2022,9,-0.09596774193548392,-0.06799997615624291
SE,2022,10,-0.11364852809991076,-0.031081348555469745
SE,2022,11,0.17491948470209334,0.05272418156620458
SE,2022,12,-0.10861744046599274,-0.036348710752189636
SE,2023,1,0.23870843743993853,0.35257719336125903
SE,2023,2,-0.030411171450737018,-0.048895843908380636
SE,2023,3,0.38502160345655295,-0.007216349938952379
SE,2023,4,-0.11993067590987863,0.03398853396497515
SE,2023,5,-0.24629119075751615,-0.06160968620156909
SE,2023,6,0.010973697962027566,0.004222473645935783
SE,2023,7,0.09786354238456237,0.0066097958812061375
SOPA,2021,11,,-0.062430806902308573
SOPA,2021,12,0.15666666666666668,-0.019526913877831963
SOPA,2022,1,-0.526416906820365,-0.05490953417447081
SOPA,2022,2,-0.47058823529411764,0.002477971955938063
SOPA,2022,3,0.13793103448275876,0.10747826707852819
SOPA,2022,4,-0.32323232323232337,-0.034263094657184516
SOPA,2022,5,0.01990049751243783,-0.04764053087087148
SOPA,2022,6,-0.0536585365853658,-0.036177007014385046
SOPA,2022,7,-0.10824742268041236,0.021870798626214563
SOPA,2022,8,0.09248554913294793,0.01291552123399961
SOPA,2022,9,-0.17460317460317454,-0.06799997615624291
SOPA,2022,10,-0.03846153846153849,-0.031081348555469745
SOPA,2022,11,0.013333333333333345,0.05272418156620458
SOPA,2022,12,-0.3486842105263158,-0.036348710752189636
SOPA,2023,1,0.12121212121212133,0.35257719336125903
SOPA,2023,2,-0.009009009009009016,-0.048895843908380636
SOPA,2023,3,-0.07272727272727278,-0.007216349938952379
SOPA,2023,4,-0.029411764705882377,0.03398853396497515
SOPA,2023,5,-0.393939393939394,-0.06160968620156909
SOPA,2023,6,-0.15499999999999997,0.004222473645935783
SOPA,2023,7,-0.013806706114398434,0.0066097958812061375
T82U.SI,2021,1,,0.09876742599625041
T82U.SI,2021,2,-0.09375000000000008,0.04585340211554232
T82U.SI,2021,3,0.07586206896551731,0.01700029021145369
T82U.SI,2021,4,-0.019230769230769246,0.03782302486828027
T82U.SI,2021,5,-0.058823529411764754,-0.033434336099747275
T82U.SI,2021,6,0.013888888888888902,-0.004026761213798243
T82U.SI,2021,7,0.0,-0.03046802006744616
T82U.SI,2021,8,0.013698630136986314,0.0057618538127902985
T82U.SI,2021,9,-0.04054054054054058,0.015445379940335032
T82U.SI,2021,10,0.04929577464788737,0.029084296608942007
T82U.SI,2021,11,-0.01342281879194632,-0.062430806902308573
T82U.SI,2021,12,0.02721088435374152,-0.019526913877831963
T82U.SI,2022,1,0.006622516556291397,-0.05490953417447081
T82U.SI,2022,2,0.06578947368421058,0.002477971955938063
T82U.SI,2022,3,0.08024691358024684,0.10747826707852819
T82U.SI,2022,4,0.051428571428571476,-0.034263094657184516
T82U.SI,2022,5,-0.0869565217391305,-0.04764053087087148
T82U.SI,2022,6,-0.035714285714285615,-0.036177007014385046
T82U.SI,2022,7,-0.006172839506172844,0.021870798626214563
T82U.SI,2022,8,-0.018633540372670822,0.01291552123399961
T82U.SI,2022,9,-0.031645569620253194,-0.06799997615624291
T82U.SI,2022,10,-0.1568627450980392,-0.031081348555469745
T82U.SI,2022,11,0.07751937984496113,0.05272418156620458
T82U.SI,2022,12,-0.007194244604316554,-0.036348710752189636
T82U.SI,2023,1,0.01449275362318842,0.35257719336125903
T82U.SI,2023,2,0.0142857142857143,-0.048895843908380636
T82U.SI,2023,3,0.007042253521126767,-0.007216349938952379
T82U.SI,2023,4,-0.05594405594405584,0.03398853396497515
T82U.SI,2023,5,-0.029629629629629655,-0.06160968620156909
T82U.SI,2023,6,-0.015267175572519097,0.004222473645935783
T82U.SI,2023,7,0.007751937984496131,0.0066097958812061375
TDCX,2021,10,,0.029084296608942007
TDCX,2021,11,-0.33751743375174337,-0.062430806902308573
TDCX,2021,12,0.007894736842105189,-0.019526913877831963
TDCX,2022,1,-0.1441253263707571,-0.05490953417447081
TDCX,2022,2,-0.07870652837095796,0.002477971955938063
TDCX,2022,3,-0.195364238410596,0.10747826707852819
TDCX,2022,4,0.13991769547325097,-0.034263094657184516
TDCX,2022,5,-0.26425992779783397,-0.04764053087087148
TDCX,2022,6,-0.0922473012757605,-0.036177007014385046
TDCX,2022,7,-0.15027027027027023,0.021870798626214563
TDCX,2022,8,0.2620865139949109,0.01291552123399961
TDCX,2022,9,-0.05544354838709684,-0.06799997615624291
TDCX,2022,10,0.38100320170757745,-0.031081348555469745
TDCX,2022,11,0.0030911901081917253,0.05272418156620458
TDCX,2022,12,-0.04622496147919874,-0.036348710752189636
TDCX,2023,1,0.06462035541195467,0.35257719336125903
TDCX,2023,2,-0.0349013657056145,-0.048895843908380636
TDCX,2023,3,-0.300314465408805,-0.007216349938952379
TDCX,2023,4,-0.2101123595505618,0.03398853396497515
TDCX,2023,5,0.23328591749644376,-0.06160968620156909
TDCX,2023,6,-0.08765859284890425,0.004222473645935783
TDCX,2023,7,-0.1213653603034134,0.0066097958812061375
TRIRF,2020,12,,
TRIRF,2021,1,-0.3381686310063463,0.09876742599625041
TRIRF,2021,2,-0.023287671232876703,0.04585340211554232
TRIRF,2021,3,0.016830294530154295,0.01700029021145369
TRIRF,2021,4,0.012413793103448256,0.03782302486828027
TRIRF,2021,5,-0.15667574931880102,-0.033434336099747275
TRIRF,2021,6,0.12439418416801284,-0.004026761213798243
TRIRF,2021,7,-0.21120689655172412,-0.03046802006744616
TRIRF,2021,8,-0.07832422586520958,0.0057618538127902985
TRIRF,2021,9,0.15612648221343875,0.015445379940335032
TRIRF,2021,10,0.2752136752136753,0.029084296608942007
TRIRF,2021,11,-0.4048257372654155,-0.062430806902308573
TRIRF,2021,12,-0.47072072072072074,-0.019526913877831963
TRIRF,2022,1,-0.20000000000000007,-0.05490953417447081
TRIRF,2022,2,-0.6648936170212766,0.002477971955938063
TRIRF,2022,3,2.26984126984127,0.10747826707852819
TRIRF,2022,4,-0.35436893203883496,-0.034263094657184516
TRIRF,2022,5,0.07518796992481193,-0.04764053087087148
TRIRF,2022,6,-0.5664335664335665,-0.036177007014385046
TRIRF,2022,7,0.532258064516129,0.021870798626214563
TRIRF,2022,8,-0.15789473684210517,0.01291552123399961
TRIRF,2022,9,0.15,-0.06799997615624291
TRIRF,2022,10,-0.13043478260869565,-0.031081348555469745
TRIRF,2022,11,-0.1250000000000001,0.05272418156620458
TRIRF,2022,12,-0.6714285714285715,-0.036348710752189636
TRIRF,2023,1,0.21739130434782614,0.35257719336125903
TRIRF,2023,2,0.0,-0.048895843908380636
TRIRF,2023,3,-0.28571428571428575,-0.007216349938952379
TRIRF,2023,4,-0.17500000000000002,0.03398853396497515
TRIRF,2023,5,-0.060606060606060656,-0.06160968620156909
TRIRF,2023,6,0.16129032258064513,0.004222473645935783
TRIRF,2023,7,-0.9944444444444445,0.0066097958812061375
U06.SI,2021,1,,0.09876742599625041
U06.SI,2021,2,-0.01709401709401711,0.04585340211554232
U06.SI,2021,3,0.13913043478260884,0.01700029021145369
U06.SI,2021,4,0.07251908396946563,0.03782302486828027
U06.SI,2021,5,-0.05338078291814943,-0.033434336099747275
U06.SI,2021,6,0.02631578947368415,-0.004026761213798243
U06.SI,2021,7,-0.010989010989010917,-0.03046802006744616
U06.SI,2021,8,-0.014814814814814828,0.0057618538127902985
U06.SI,2021,9,-0.011278195488721898,0.015445379940335032
U06.SI,2021,10,0.03041825095057037,0.029084296608942007
U06.SI,2021,11,-0.025830258302582967,-0.062430806902308573
U06.SI,2021,12,0.015151515151515164,-0.019526913877831963
U06.SI,2022,1,-0.02985074626865674,-0.05490953417447081
U06.SI,2022,2,-0.003846153846153935,0.002477971955938063
U06.SI,2022,3,-0.01930501930501924,0.10747826707852819
U06.SI,2022,4,0.015748031496063006,-0.034263094657184516
U06.SI,2022,5,-0.011627906976744281,-0.04764053087087148
U06.SI,2022,6,0.0,-0.036177007014385046
U06.SI,2022,7,-0.027450980392156803,0.021870798626214563
U06.SI,2022,8,0.024193548387096794,0.01291552123399961
U06.SI,2022,9,-0.07874015748031503,-0.06799997615624291
U06.SI,2022,10,-0.07264957264957263,-0.031081348555469745
U06.SI,2022,11,0.027649769585253482,0.05272418156620458
U06.SI,2022,12,0.00896860986547086,-0.036348710752189636
U06.SI,2023,1,0.0,0.35257719336125903
U06.SI,2023,2,0.022222222222222143,-0.048895843908380636
U06.SI,2023,3,-0.05217391304347812,-0.007216349938952379
U06.SI,2023,4,0.0045871559633026545,0.03398853396497515
U06.SI,2023,5,-0.05936073059360726,-0.06160968620156909
U06.SI,2023,6,-0.009708737864077678,0.004222473645935783
U06.SI,2023,7,0.01960784313725492,0.0066097958812061375
U11.SI,2021,1,,0.09876742599625041
U11.SI,2021,2,0.0556030795551754,0.04585340211554232
U11.SI,2021,3,0.046596434359805455,0.01700029021145369
U11.SI,2021,4,0.02942315137437095,0.03782302486828027
U11.SI,2021,5,-0.019556224144415178,-0.033434336099747275
U11.SI,2021,6,-0.009589566551591868,-0.004026761213798243
U11.SI,2021,7,0.017815646785437678,-0.03046802006744616
U11.SI,2021,8,-0.02663622526636236,0.0057618538127902985
U11.SI,2021,9,0.010555121188428582,0.015445379940335032
U11.SI,2021,10,0.03481624758220497,0.029084296608942007
U11.SI,2021,11,-0.047850467289719666,-0.062430806902308573
U11.SI,2021,12,0.056144483706321156,-0.019526913877831963
U11.SI,2022,1,0.11375464684014878,-0.05490953417447081
U11.SI,2022,2,-0.0016688918558077674,0.002477971955938063
U11.SI,2022,3,0.07054496823804758,0.10747826707852819
U11.SI,2022,4,-0.06339787632729559,-0.034263094657184516
U11.SI,2022,5,-0.016005335111703798,-0.04764053087087148
U11.SI,2022,6,-0.11047102677058629,-0.036177007014385046
U11.SI,2022,7,0.04952380952380955,0.021870798626214563
U11.SI,2022,8,-0.007985480943738745,0.01291552123399961
U11.SI,2022,9,-0.04281009879253561,-0.06799997615624291
U11.SI,2022,10,0.06116207951070342,-0.031081348555469745
U11.SI,2022,11,0.12391930835734861,0.05272418156620458
U11.SI,2022,12,-0.016025641025641028,-0.036348710752189636
U11.SI,2023,1,-0.028338762214983746,0.35257719336125903
U11.SI,2023,2,0.003017096882333336,-0.048895843908380636
U11.SI,2023,3,-0.0053475935828877046,-0.007216349938952379
U11.SI,2023,4,-0.051747311827957075,0.03398853396497515
U11.SI,2023,5,-0.009567682494684607,-0.06160968620156909
U11.SI,2023,6,0.001788908765652977,0.004222473645935783
U11.SI,2023,7,0.06750000000000002,0.0066097958812061375
U14.SI,2021,1,,0.09876742599625041
U14.SI,2021,2,0.009562841530054562,0.04585340211554232
U14.SI,2021,3,0.06901217861975652,0.01700029021145369
U14.SI,2021,4,-0.025316455696202552,0.03782302486828027
U14.SI,2021,5,-0.04025974025974032,-0.033434336099747275
U14.SI,2021,6,-0.012178619756427585,-0.004026761213798243
U14.SI,2021,7,0.0,-0.03046802006744616
U14.SI,2021,8,-0.04109589041095888,0.0057618538127902985
U14.SI,2021,9,-0.019999999999999955,0.015445379940335032
U14.SI,2021,10,0.053935860058309054,0.029084296608942007
U14.SI,2021,11,-0.048409405255878356,-0.062430806902308573
U14.SI,2021,12,0.030523255813953484,-0.019526913877831963
U14.SI,2022,1,0.028208744710860392,-0.05490953417447081
U14.SI,2022,2,-0.04252400548696839,0.002477971955938063
U14.SI,2022,3,0.008595988538681891,0.10747826707852819
U14.SI,2022,4,0.03693181818181815,-0.034263094657184516
U14.SI,2022,5,0.020547945205479503,-0.04764053087087148
U14.SI,2022,6,-0.012080536912751658,-0.036177007014385046
U14.SI,2022,7,0.013586956521739081,0.021870798626214563
U14.SI,2022,8,-0.07238605898123325,0.01291552123399961
U14.SI,2022,9,-0.03901734104046237,-0.06799997615624291
U14.SI,2022,10,-0.06917293233082705,-0.031081348555469745
U14.SI,2022,11,0.07592891760904681,0.05272418156620458
U14.SI,2022,12,0.00900900900900895,-0.036348710752189636
U14.SI,2023,1,0.03869047619047629,0.35257719336125903
U14.SI,2023,2,-0.021489971346704922,-0.048895843908380636
U14.SI,2023,3,0.014641288433382086,-0.007216349938952379
U14.SI,2023,4,0.0,0.03398853396497515
U14.SI,2023,5,-0.08369408369408371,-0.06160968620156909
U14.SI,2023,6,0.01102362204724414,0.004222473645935783
U14.SI,2023,7,0.08255451713395642,0.0066097958812061375
U96.SI,2021,1,,0.09876742599625041
U96.SI,2021,2,0.04848484848484853,0.04585340211554232
U96.SI,2021,3,0.06358381502890179,0.01700029021145369
U96.SI,2021,4,0.15217391304347827,0.03782302486828027
U96.SI,2021,5,0.05188679245283013,-0.033434336099747275
U96.SI,2021,6,-0.04035874439461877,-0.004026761213798243
U96.SI,2021,7,-0.023364485981308535,-0.03046802006744616
U96.SI,2021,8,-0.07655502392344495,0.0057618538127902985
U96.SI,2021,9,-0.05181347150259061,0.015445379940335032
U96.SI,2021,10,0.09836065573770476,0.029084296608942007
U96.SI,2021,11,-0.06467661691542284,-0.062430806902308573
U96.SI,2021,12,0.06382978723404262,-0.019526913877831963
U96.SI,2022,1,0.1399999999999999,-0.05490953417447081
U96.SI,2022,2,0.10087719298245613,0.002477971955938063
U96.SI,2022,3,0.0637450199203188,0.10747826707852819
U96.SI,2022,4,0.10486891385767799,-0.034263094657184516
U96.SI,2022,5,-0.03389830508474579,-0.04764053087087148
U96.SI,2022,6,0.0,-0.036177007014385046
U96.SI,2022,7,0.021052631578947385,0.021870798626214563
U96.SI,2022,8,0.16494845360824742,0.01291552123399961
U96.SI,2022,9,-0.09144542772861358,-0.06799997615624291
U96.SI,2022,10,-0.05519480519480517,-0.031081348555469745
U96.SI,2022,11,0.09965635738831616,0.05272418156620458
U96.SI,2022,12,0.05624999999999991,-0.036348710752189636
U96.SI,2023,1,0.06804733727810651,0.35257719336125903
U96.SI,2023,2,0.005540166204986155,-0.048895843908380636
U96.SI,2023,3,0.2066115702479339,-0.007216349938952379
U96.SI,2023,4,-0.02283105022831042,0.03398853396497515
U96.SI,2023,5,0.17523364485981308,-0.06160968620156909
U96.SI,2023,6,0.14314115308151087,0.004222473645935783
U96.SI,2023,7,-0.0347826086956522,0.0066097958812061375
V03.SI,2021,1,,0.09876742599625041
V03.SI,2021,2,-0.03225806451612906,0.04585340211554232
V03.SI,2021,3,0.04479166666666664,0.01700029021145369
V03.SI,2021,4,0.004486540378863403,0.03782302486828027
V03.SI,2021,5,-0.0560794044665012,-0.033434336099747275
V03.SI,2021,6,0.009989484752891761,-0.004026761213798243
V03.SI,2021,7,-0.009890681936491477,-0.03046802006744616
V03.SI,2021,8,0.007360672975814961,0.0057618538127902985
V03.SI,2021,9,-0.062108559498956224,0.015445379940335032
V03.SI,2021,10,0.046744574290484134,0.029084296608942007
V03.SI,2021,11,-0.01594896331738422,-0.062430806902308573
V03.SI,2021,12,-0.010804970286331865,-0.019526913877831963
V03.SI,2022,1,-0.03877662479519374,-0.05490953417447081
V03.SI,2022,2,-0.003977272727272743,0.002477971955938063
V03.SI,2022,3,0.002281802624072969,0.10747826707852819
V03.SI,2022,4,-0.02390438247011962,-0.034263094657184516
V03.SI,2022,5,0.044897959183673654,-0.04764053087087148
V03.SI,2022,6,-0.07198660714285729,-0.036177007014385046
V03.SI,2022,7,0.057125676488274164,0.021870798626214563
V03.SI,2022,8,0.04038680318543805,0.01291552123399961
V03.SI,2022,9,-0.10169491525423727,-0.06799997615624291
V03.SI,2022,10,-0.030432136335970784,-0.031081348555469745
V03.SI,2022,11,0.08600125549278098,0.05272418156620458
V03.SI,2022,12,-0.013872832369942311,-0.036348710752189636
V03.SI,2023,1,0.08206330597889813,0.35257719336125903
V03.SI,2023,2,-0.0698808234019501,-0.048895843908380636
V03.SI,2023,3,0.029120559114735,-0.007216349938952379
V03.SI,2023,4,-0.039615166949632304,0.03398853396497515
V03.SI,2023,5,-0.10606953447259865,-0.06160968620156909
V03.SI,2023,6,-0.03032300593276197,0.004222473645935783
V03.SI,2023,7,0.006798096532970744,0.0066097958812061375
VC2.SI,2021,1,,0.09876742599625041
VC2.SI,2021,2,0.0062893081761006345,0.04585340211554232
VC2.SI,2021,3,0.07499999999999993,0.01700029021145369
VC2.SI,2021,4,0.011627906976744196,0.03782302486828027
VC2.SI,2021,5,0.028735632183908073,-0.033434336099747275
VC2.SI,2021,6,-0.10614525139664802,-0.004026761213798243
VC2.SI,2021,7,-0.17500000000000002,-0.03046802006744616
VC2.SI,2021,8,0.21212121212121213,0.0057618538127902985
VC2.SI,2021,9,0.09999999999999995,0.015445379940335032
VC2.SI,2021,10,-0.03409090909090912,0.029084296608942007
VC2.SI,2021,11,0.01764705882352943,-0.062430806902308573
VC2.SI,2021,12,0.011560693641618507,-0.019526913877831963
VC2.SI,2022,1,-0.040000000000000036,-0.05490953417447081
VC2.SI,2022,2,0.023809523809523832,0.002477971955938063
VC2.SI,2022,3,0.017441860465116296,0.10747826707852819
VC2.SI,2022,4,-0.034285714285714315,-0.034263094657184516
VC2.SI,2022,5,-0.09467455621301771,-0.04764053087087148
VC2.SI,2022,6,-0.006535947712418306,-0.036177007014385046
VC2.SI,2022,7,0.06578947368421058,0.021870798626214563
VC2.SI,2022,8,-0.09259259259259267,0.01291552123399961
VC2.SI,2022,9,-0.10884353741496594,-0.06799997615624291
VC2.SI,2022,10,0.022900763358778647,-0.031081348555469745
VC2.SI,2022,11,0.029850746268656577,0.05272418156620458
VC2.SI,2022,12,0.05797101449275368,-0.036348710752189636
VC2.SI,2023,1,0.08904109589041104,0.35257719336125903
VC2.SI,2023,2,-0.03144654088050317,-0.048895843908380636
VC2.SI,2023,3,0.019480519480519497,-0.007216349938952379
VC2.SI,2023,4,0.019108280254777087,0.03398853396497515
VC2.SI,2023,5,-0.1125000000000001,-0.06160968620156909
VC2.SI,2023,6,-0.021126760563380302,0.004222473645935783
VC2.SI,2023,7,-0.06474820143884882,0.0066097958812061375
WVE,2020,12,,
WVE,2021,1,0.2922490470139771,0.09876742599625041
WVE,2021,2,-0.07472959685349063,0.04585340211554232
WVE,2021,3,-0.40382571732199785,0.01700029021145369
WVE,2021,4,0.0962566844919786,0.03782302486828027
WVE,2021,5,0.11219512195121943,-0.033434336099747275
WVE,2021,6,-0.02631578947368417,-0.004026761213798243
WVE,2021,7,-0.17267267267267272,-0.03046802006744616
WVE,2021,8,0.14882032667876594,0.0057618538127902985
WVE,2021,9,-0.22590837282780407,0.015445379940335032
WVE,2021,10,-0.06326530612244907,0.029084296608942007
WVE,2021,11,-0.1503267973856209,-0.062430806902308573
WVE,2021,12,-0.19487179487179482,-0.019526913877831963
WVE,2022,1,-0.302547770700637,-0.05490953417447081
WVE,2022,2,0.12328767123287672,0.002477971955938063
WVE,2022,3,-0.18699186991869918,0.10747826707852819
WVE,2022,4,-0.025000000000000022,-0.034263094657184516
WVE,2022,5,-0.2820512820512821,-0.04764053087087148
WVE,2022,6,1.3214285714285716,-0.036177007014385046
WVE,2022,7,-0.21846153846153846,0.021870798626214563
WVE,2022,8,0.16929133858267723,0.01291552123399961
WVE,2022,9,0.21548821548821537,-0.06799997615624291
WVE,2022,10,0.32686980609418287,-0.031081348555469745
WVE,2022,11,-0.11482254697286008,0.05272418156620458
WVE,2022,12,0.6509433962264151,-0.036348710752189636
WVE,2023,1,-0.29571428571428576,0.35257719336125903
WVE,2023,2,-0.14807302231237315,-0.048895843908380636
WVE,2023,3,0.030952380952380926,-0.007216349938952379
WVE,2023,4,-0.07852193995381059,0.03398853396497515
WVE,2023,5,-0.007518796992481265,-0.06160968620156909
WVE,2023,6,-0.08080808080808077,0.004222473645935783
WVE,2023,7,0.12362637362637355,0.0066097958812061375
Z25.SI,2021,1,,0.09876742599625041
Z25.SI,2021,2,0.04545454545454529,0.04585340211554232
Z25.SI,2021,3,0.07826086956521747,0.01700029021145369
Z25.SI,2021,4,0.07258064516129038,0.03782302486828027
Z25.SI,2021,5,-0.04511278195488726,-0.033434336099747275
Z25.SI,2021,6,-0.039370078740157514,-0.004026761213798243
Z25.SI,2021,7,-0.081967213114754,-0.03046802006744616
Z25.SI,2021,8,0.062499999999999854,0.0057618538127902985
Z25.SI,2021,9,-0.0672268907563024,0.015445379940335032
Z25.SI,2021,10,0.009009009009009016,0.029084296608942007
Z25.SI,2021,11,-0.02678571428571431,-0.062430806902308573
Z25.SI,2021,12,0.018348623853211024,-0.019526913877831963
Z25.SI,2022,1,0.03603603603603586,-0.05490953417447081
Z25.SI,2022,2,0.04347826086956526,0.002477971955938063
Z25.SI,2022,3,0.03333333333333337,0.10747826707852819
Z25.SI,2022,4,-0.01612903225806453,-0.034263094657184516
Z25.SI,2022,5,-0.081967213114754,-0.04764053087087148
Z25.SI,2022,6,-0.05357142857142862,-0.036177007014385046
Z25.SI,2022,7,-0.028301886792452855,0.021870798626214563
Z25.SI,2022,8,0.0,0.01291552123399961
Z25.SI,2022,9,-0.07281553398058259,-0.06799997615624291
Z25.SI,2022,10,-0.09424083769633505,-0.031081348555469745
Z25.SI,2022,11,0.13872832369942195,0.05272418156620458
Z25.SI,2022,12,0.0355329949238579,-0.036348710752189636
Z25.SI,2023,1,0.08823529411764713,0.35257719336125903
Z25.SI,2023,2,-0.018018018018018032,-0.048895843908380636
Z25.SI,2023,3,-0.16513761467889912,-0.007216349938952379
Z25.SI,2023,4,-0.06593406593406599,0.03398853396497515
Z25.SI,2023,5,-0.09999999999999996,-0.06160968620156909
Z25.SI,2023,6,0.0,0.004222473645935783
Z25.SI,2023,7,0.03267973856209153,0.0066097958812061375
Z74.SI,2021,1,,0.09876742599625041
Z74.SI,2021,2,-0.00423728813559313,0.04585340211554232
Z74.SI,2021,3,0.03829787234042547,0.01700029021145369
Z74.SI,2021,4,0.024590163934426253,0.03782302486828027
Z74.SI,2021,5,-0.03599999999999994,-0.033434336099747275
Z74.SI,2021,6,-0.04979253112033199,-0.004026761213798243
Z74.SI,2021,7,-0.00873362445414848,-0.03046802006744616
Z74.SI,2021,8,0.022026431718061595,0.0057618538127902985
Z74.SI,2021,9,0.060344827586206955,0.015445379940335032
Z74.SI,2021,10,0.016260162601626032,0.029084296608942007
Z74.SI,2021,11,-0.05600000000000005,-0.062430806902308573
Z74.SI,2021,12,-0.0169491525423729,-0.019526913877831963
Z74.SI,2022,1,0.04741379310344842,-0.05490953417447081
Z74.SI,2022,2,0.03703703703703698,0.002477971955938063
Z74.SI,2022,3,0.04761904761904766,0.10747826707852819
Z74.SI,2022,4,0.0492424242424242,-0.034263094657184516
Z74.SI,2022,5,-0.06498194945848382,-0.04764053087087148
Z74.SI,2022,6,-0.02316602316602319,-0.036177007014385046
Z74.SI,2022,7,0.03162055335968383,0.021870798626214563
Z74.SI,2022,8,0.0038314176245211615,0.01291552123399961
Z74.SI,2022,9,0.015267175572519097,-0.06799997615624291
Z74.SI,2022,10,-0.060150375939849676,-0.031081348555469745
Z74.SI,2022,11,0.08800000000000008,0.05272418156620458
Z74.SI,2022,12,-0.055147058823529535,-0.036348710752189636
Z74.SI,2023,1,-0.023346303501945546,0.35257719336125903
Z74.SI,2023,2,-0.05577689243027876,-0.048895843908380636
Z74.SI,2023,3,0.037974683544303736,-0.007216349938952379
Z74.SI,2023,4,0.03658536585365848,0.03398853396497515
Z74.SI,2023,5,-0.02352941176470573,-0.06160968620156909
Z74.SI,2023,6,0.004016064257028026,0.004222473645935783
Z74.SI,2023,7,0.06400000000000006,0.0066097958812061375
